,Gender,Married,Dependents,Education,Self_Employed,ApplicantIncome,CoapplicantIncome,LoanAmount,Loan_Amount_Term,Credit_History,Property_Area,Loan_Status,$p13$,$l13$,$r13$,$\gamma13$,$l14$,$p14$
1,1,1,1,0,0,4583,1508.0,128.0,360.0,1.0,0,0,0.7430057266238076,1.061649950058472,-0.7430057266238076,0.3659825947660783,1.0982482095350798,0.7499317289492948
2,1,1,0,0,1,3000,0.0,66.0,360.0,1.0,2,1,0.7894021117266881,1.3213252658712988,0.21059788827331194,0.3103056330390686,1.3523558291752058,0.7945145105677534
3,1,1,0,1,0,2583,2358.0,120.0,360.0,1.0,2,1,0.7430057266238076,1.061649950058472,0.2569942733761924,-1.5849431579974214,0.9031556342587298,0.7115975545024212
4,1,0,0,0,0,6000,0.0,141.0,360.0,1.0,2,1,0.7139550857101393,0.9146712137316626,0.2860449142898607,0.6357533375478005,0.9782465474864427,0.7267601545181426
5,1,1,2,0,1,5417,4196.0,267.0,360.0,1.0,2,1,0.7399382097017709,1.0456474245356082,0.26006179029822907,0.6357533375478005,1.1092227582903882,0.751984181165449
6,1,1,0,1,0,2333,1516.0,95.0,360.0,1.0,2,1,0.7430057266238076,1.061649950058472,0.2569942733761924,-1.5849431579974214,0.9031556342587298,0.7115975545024212
7,1,1,3,0,0,3036,2504.0,158.0,360.0,0.0,1,0,0.2636011938096454,-1.027334496728439,-0.2636011938096454,-0.8439522076231205,-1.111729717490751,0.24754855640590148
8,1,1,2,0,0,4006,1526.0,168.0,360.0,1.0,2,1,0.7399382097017709,1.0456474245356082,0.26006179029822907,-1.5849431579974214,0.8871531087358661,0.7083023249583722
9,1,1,1,0,0,12841,10968.0,349.0,360.0,1.0,1,0,0.645069567000363,0.5974363599034889,-0.645069567000363,0.6357533375478005,0.661011693658269,0.6594876147674751
10,1,1,2,0,0,3200,700.0,70.0,360.0,1.0,2,1,0.7894021117266881,1.3213252658712988,0.21059788827331194,-1.5849431579974214,1.1628309500715566,0.7618467326024158
12,1,1,2,0,0,3073,8106.0,200.0,360.0,1.0,2,1,0.7399382097017709,1.0456474245356082,0.26006179029822907,-1.5849431579974214,0.8871531087358661,0.7083023249583722
13,1,0,0,0,0,1853,2840.0,114.0,360.0,1.0,0,0,0.6581353921082581,0.6549958979188354,-0.6581353921082581,-1.5849431579974214,0.49650158211909323,0.6216368384845538
14,1,1,2,0,0,1299,1086.0,17.0,120.0,1.0,2,1,0.7865673513042185,1.304357032922855,0.2134326486957815,0.01911517368982732,1.3062685502918379,0.7868880794357624
15,1,0,0,0,0,4950,0.0,125.0,360.0,1.0,2,1,0.7139550857101393,0.9146712137316626,0.2860449142898607,0.6357533375478005,0.9782465474864427,0.7267601545181426
17,0,0,0,0,0,3510,0.0,76.0,360.0,0.0,2,0,0.2636011938096454,-1.027334496728439,-0.2636011938096454,-0.8439522076231205,-1.111729717490751,0.24754855640590148
18,1,1,0,1,0,4887,0.0,133.0,360.0,1.0,0,0,0.7894021117266881,1.3213252658712988,-0.7894021117266881,0.6357533375478005,1.3849005996260788,0.7997769049147031
20,1,1,0,1,0,7660,0.0,104.0,360.0,0.0,2,0,0.2636011938096454,-1.027334496728439,-0.2636011938096454,-0.8439522076231205,-1.111729717490751,0.24754855640590148
21,1,1,1,0,0,5955,5625.0,315.0,360.0,1.0,2,1,0.7712598974371929,1.2154389723844594,0.22874010256280708,0.6357533375478005,1.2790143061392394,0.7822819428079169
22,1,1,0,1,0,2600,1911.0,116.0,360.0,0.0,1,0,0.2636011938096454,-1.027334496728439,-0.2636011938096454,-0.8439522076231205,-1.111729717490751,0.24754855640590148
25,1,1,0,0,1,9560,0.0,191.0,360.0,1.0,1,1,0.7800945854996683,1.2662176559781304,0.21990541450033174,0.6357533375478005,1.3297929897329104,0.7908063907999269
26,1,1,0,0,0,2799,2253.0,122.0,360.0,1.0,1,1,0.7430057266238076,1.061649950058472,0.2569942733761924,-1.5849431579974214,0.9031556342587298,0.7115975545024212
27,1,1,2,1,0,4226,1040.0,110.0,360.0,1.0,2,1,0.7430057266238076,1.061649950058472,0.2569942733761924,0.3659825947660783,1.0982482095350798,0.7499317289492948
28,1,0,0,1,0,1442,0.0,35.0,360.0,1.0,2,0,0.711586275613773,0.9031006766442506,-0.711586275613773,0.01911517368982732,0.9050121940132334,0.7119784199864034
31,1,0,0,0,0,3167,0.0,74.0,360.0,1.0,2,0,0.7139550857101393,0.9146712137316626,-0.7139550857101393,0.3103056330390686,0.9457017770355695,0.7202499496804979
32,1,0,1,0,1,4692,0.0,106.0,360.0,1.0,0,0,0.7139550857101393,0.9146712137316626,-0.7139550857101393,0.3659825947660783,0.9512694732082705,0.7213704076627278
33,1,1,0,0,0,3500,1667.0,114.0,360.0,1.0,1,1,0.7430057266238076,1.061649950058472,0.2569942733761924,-1.5849431579974214,0.9031556342587298,0.7115975545024212
34,1,0,3,0,0,12500,3000.0,320.0,360.0,1.0,0,0,0.7495741006415392,1.0963421136022553,-0.7495741006415392,0.6357533375478005,1.1599174473570353,0.7613177142737974
37,0,1,0,0,0,3667,1459.0,144.0,360.0,1.0,1,1,0.7430057266238076,1.061649950058472,0.2569942733761924,-1.5849431579974214,0.9031556342587298,0.7115975545024212
38,1,0,0,0,0,4166,7210.0,184.0,360.0,1.0,2,1,0.6545258756271753,0.6389933723959716,0.34547412437282465,-1.5849431579974214,0.4804990565962295,0.617865712790236
39,1,0,0,1,0,3748,1668.0,110.0,360.0,1.0,1,1,0.6581353921082581,0.6549958979188354,0.3418646078917419,-1.5849431579974214,0.49650158211909323,0.6216368384845538
40,1,0,0,0,0,3600,0.0,80.0,360.0,1.0,2,0,0.7139550857101393,0.9146712137316626,-0.7139550857101393,0.3103056330390686,0.9457017770355695,0.7202499496804979
41,1,0,0,0,0,1800,1213.0,47.0,360.0,1.0,2,1,0.6581353921082581,0.6549958979188354,0.3418646078917419,-1.5849431579974214,0.49650158211909323,0.6216368384845538
43,1,1,0,0,0,3941,2336.0,134.0,360.0,1.0,1,1,0.7430057266238076,1.061649950058472,0.2569942733761924,-1.5849431579974214,0.9031556342587298,0.7115975545024212
46,1,1,1,0,0,5649,0.0,44.0,360.0,1.0,2,1,0.7894021117266881,1.3213252658712988,0.21059788827331194,0.6357533375478005,1.3849005996260788,0.7997769049147031
47,1,1,0,0,0,5821,0.0,144.0,360.0,1.0,2,1,0.7894021117266881,1.3213252658712988,0.21059788827331194,0.6357533375478005,1.3849005996260788,0.7997769049147031
48,0,1,0,0,0,2645,3440.0,120.0,360.0,0.0,2,0,0.2636011938096454,-1.027334496728439,-0.2636011938096454,-0.8439522076231205,-1.111729717490751,0.24754855640590148
49,0,0,0,0,0,4000,2275.0,144.0,360.0,1.0,1,1,0.6581353921082581,0.6549958979188354,0.3418646078917419,-1.5849431579974214,0.49650158211909323,0.6216368384845538
50,0,1,0,1,0,1928,1644.0,100.0,360.0,1.0,1,1,0.7430057266238076,1.061649950058472,0.2569942733761924,-1.5849431579974214,0.9031556342587298,0.7115975545024212
51,0,0,0,0,0,3086,0.0,120.0,360.0,1.0,1,1,0.7139550857101393,0.9146712137316626,0.2860449142898607,0.3103056330390686,0.9457017770355695,0.7202499496804979
52,0,0,0,0,0,4230,0.0,112.0,360.0,1.0,1,0,0.7139550857101393,0.9146712137316626,-0.7139550857101393,0.3659825947660783,0.9512694732082705,0.7213704076627278
53,1,1,2,0,0,4616,0.0,134.0,360.0,1.0,2,0,0.7894021117266881,1.3213252658712988,-0.7894021117266881,0.3659825947660783,1.3579235253479067,0.795422008912774
54,0,1,1,0,1,11500,0.0,286.0,360.0,0.0,2,0,0.2636011938096454,-1.027334496728439,-0.2636011938096454,-0.8439522076231205,-1.111729717490751,0.24754855640590148
55,1,1,2,0,0,2708,1167.0,97.0,360.0,1.0,1,1,0.7430057266238076,1.061649950058472,0.2569942733761924,-1.5849431579974214,0.9031556342587298,0.7115975545024212
56,1,1,0,0,0,2132,1591.0,96.0,360.0,1.0,1,1,0.7430057266238076,1.061649950058472,0.2569942733761924,-1.5849431579974214,0.9031556342587298,0.7115975545024212
57,1,1,0,0,0,3366,2200.0,135.0,360.0,1.0,0,0,0.7430057266238076,1.061649950058472,-0.7430057266238076,-1.5849431579974214,0.9031556342587298,0.7115975545024212
58,1,1,1,0,0,8080,2250.0,180.0,360.0,1.0,2,1,0.7399382097017709,1.0456474245356082,0.26006179029822907,0.6357533375478005,1.1092227582903882,0.751984181165449
59,1,1,2,1,0,3357,2859.0,144.0,360.0,1.0,2,1,0.7430057266238076,1.061649950058472,0.2569942733761924,-1.5849431579974214,0.9031556342587298,0.7115975545024212
60,1,1,0,0,0,2500,3796.0,120.0,360.0,1.0,2,1,0.7430057266238076,1.061649950058472,0.2569942733761924,-1.5849431579974214,0.9031556342587298,0.7115975545024212
61,1,1,3,0,0,3029,0.0,99.0,360.0,1.0,2,1,0.7894021117266881,1.3213252658712988,0.21059788827331194,0.3103056330390686,1.3523558291752058,0.7945145105677534
62,1,1,0,1,1,2609,3449.0,165.0,180.0,0.0,0,0,0.2636011938096454,-1.027334496728439,-0.2636011938096454,-0.8439522076231205,-1.111729717490751,0.24754855640590148
64,0,0,0,0,0,4166,0.0,116.0,360.0,0.0,1,0,0.2636011938096454,-1.027334496728439,-0.2636011938096454,-0.8439522076231205,-1.111729717490751,0.24754855640590148
65,1,1,0,0,0,5726,4595.0,258.0,360.0,1.0,1,0,0.7399382097017709,1.0456474245356082,-0.7399382097017709,0.6357533375478005,1.1092227582903882,0.751984181165449
66,1,0,0,1,0,3200,2254.0,126.0,180.0,0.0,2,0,0.2636011938096454,-1.027334496728439,-0.2636011938096454,-0.8439522076231205,-1.111729717490751,0.24754855640590148
67,1,1,1,0,0,10750,0.0,312.0,360.0,1.0,2,1,0.7414645906429118,1.0535947420808451,0.2585354093570882,0.6357533375478005,1.117170075835625,0.7534634173563224
68,1,1,3,1,1,7100,0.0,125.0,60.0,1.0,2,1,0.7894021117266881,1.3213252658712988,0.21059788827331194,0.6357533375478005,1.3849005996260788,0.7997769049147031
69,0,0,0,0,0,4300,0.0,136.0,360.0,0.0,1,0,0.2636011938096454,-1.027334496728439,-0.2636011938096454,-0.8439522076231205,-1.111729717490751,0.24754855640590148
70,1,1,0,0,0,3208,3066.0,172.0,360.0,1.0,2,1,0.7399382097017709,1.0456474245356082,0.26006179029822907,-1.5849431579974214,0.8871531087358661,0.7083023249583722
71,1,1,2,1,1,1875,1875.0,97.0,360.0,1.0,1,1,0.7430057266238076,1.061649950058472,0.2569942733761924,-1.5849431579974214,0.9031556342587298,0.7115975545024212
72,1,0,0,0,0,3500,0.0,81.0,300.0,1.0,1,1,0.7139550857101393,0.9146712137316626,0.2860449142898607,0.3103056330390686,0.9457017770355695,0.7202499496804979
74,1,1,3,0,1,5266,1774.0,187.0,360.0,1.0,1,1,0.7399382097017709,1.0456474245356082,0.26006179029822907,0.6357533375478005,1.1092227582903882,0.751984181165449
75,1,0,0,0,0,3750,0.0,113.0,480.0,1.0,2,0,0.5074371810477227,0.029750918417344806,-0.5074371810477227,0.3103056330390686,0.06078148172125167,0.5151906940244447
76,1,0,0,0,0,3750,4750.0,176.0,360.0,1.0,2,0,0.6545258756271753,0.6389933723959716,-0.6545258756271753,-1.5849431579974214,0.4804990565962295,0.617865712790236
77,1,1,1,0,1,1000,3022.0,110.0,360.0,1.0,2,0,0.7874940388571215,1.3098857605578103,-0.7874940388571215,0.01911517368982732,1.311797277926793,0.7878137500991813
78,1,1,3,0,0,3167,4000.0,180.0,300.0,0.0,1,0,0.2636011938096454,-1.027334496728439,-0.2636011938096454,-0.8439522076231205,-1.111729717490751,0.24754855640590148
80,0,0,0,0,0,3846,0.0,111.0,360.0,1.0,1,1,0.7139550857101393,0.9146712137316626,0.2860449142898607,0.3103056330390686,0.9457017770355695,0.7202499496804979
82,0,1,2,0,0,1378,1881.0,167.0,360.0,1.0,2,0,0.7773380130854955,1.250220411251861,-0.7773380130854955,0.0020519154184783454,1.2504256027937086,0.777373526360592
84,1,1,1,0,0,3988,0.0,50.0,240.0,1.0,2,1,0.7894021117266881,1.3213252658712988,0.21059788827331194,0.3103056330390686,1.3523558291752058,0.7945145105677534
85,1,0,0,0,0,2366,2531.0,136.0,360.0,1.0,1,1,0.6581353921082581,0.6549958979188354,0.3418646078917419,-1.5849431579974214,0.49650158211909323,0.6216368384845538
87,1,1,0,0,0,2500,2118.0,104.0,360.0,1.0,1,1,0.7430057266238076,1.061649950058472,0.2569942733761924,-1.5849431579974214,0.9031556342587298,0.7115975545024212
88,1,0,0,0,0,8566,0.0,210.0,360.0,1.0,2,1,0.7025694706169645,0.8595636038384941,0.2974305293830355,0.6357533375478005,0.9231389375932741,0.715681253919378
89,1,1,0,0,0,5695,4167.0,175.0,360.0,1.0,1,1,0.7399382097017709,1.0456474245356082,0.26006179029822907,0.6357533375478005,1.1092227582903882,0.751984181165449
90,1,1,0,0,0,2958,2900.0,131.0,360.0,1.0,1,1,0.7430057266238076,1.061649950058472,0.2569942733761924,-1.5849431579974214,0.9031556342587298,0.7115975545024212
91,1,1,2,0,0,6250,5654.0,188.0,180.0,1.0,1,1,0.7399382097017709,1.0456474245356082,0.26006179029822907,0.6357533375478005,1.1092227582903882,0.751984181165449
92,1,1,2,1,0,3273,1820.0,81.0,360.0,1.0,2,1,0.7430057266238076,1.061649950058472,0.2569942733761924,-1.5849431579974214,0.9031556342587298,0.7115975545024212
93,1,0,0,0,0,4133,0.0,122.0,360.0,1.0,1,1,0.7139550857101393,0.9146712137316626,0.2860449142898607,0.3103056330390686,0.9457017770355695,0.7202499496804979
94,1,0,0,1,0,3620,0.0,25.0,120.0,1.0,1,1,0.7139550857101393,0.9146712137316626,0.2860449142898607,0.3103056330390686,0.9457017770355695,0.7202499496804979
96,0,1,0,0,0,2484,2302.0,137.0,360.0,1.0,1,1,0.7430057266238076,1.061649950058472,0.2569942733761924,-1.5849431579974214,0.9031556342587298,0.7115975545024212
97,1,1,0,0,0,1977,997.0,50.0,360.0,1.0,1,1,0.7430057266238076,1.061649950058472,0.2569942733761924,-1.5849431579974214,0.9031556342587298,0.7115975545024212
98,1,1,0,1,0,4188,0.0,115.0,180.0,1.0,1,1,0.7894021117266881,1.3213252658712988,0.21059788827331194,0.3103056330390686,1.3523558291752058,0.7945145105677534
99,1,1,0,0,0,1759,3541.0,131.0,360.0,1.0,1,1,0.7430057266238076,1.061649950058472,0.2569942733761924,-1.5849431579974214,0.9031556342587298,0.7115975545024212
100,1,1,2,1,0,4288,3263.0,133.0,180.0,1.0,2,1,0.7430057266238076,1.061649950058472,0.2569942733761924,0.3659825947660783,1.0982482095350798,0.7499317289492948
101,1,0,0,0,0,4843,3806.0,151.0,360.0,1.0,1,1,0.6581353921082581,0.6549958979188354,0.3418646078917419,0.6357533375478005,0.7185712316736155,0.6722923149845785
105,1,1,1,0,0,3052,1030.0,100.0,360.0,1.0,2,1,0.7430057266238076,1.061649950058472,0.2569942733761924,-1.5849431579974214,0.9031556342587298,0.7115975545024212
106,1,1,2,0,0,11417,1126.0,225.0,360.0,1.0,2,1,0.7399382097017709,1.0456474245356082,0.26006179029822907,0.6357533375478005,1.1092227582903882,0.751984181165449
108,1,1,2,0,0,3800,3600.0,216.0,360.0,0.0,2,0,0.2636011938096454,-1.027334496728439,-0.2636011938096454,-0.8439522076231205,-1.111729717490751,0.24754855640590148
109,1,1,3,1,0,2071,754.0,94.0,480.0,1.0,1,1,0.6659577693090615,0.6899588349057059,0.3340422306909385,-1.5849431579974214,0.5314645191059637,0.6298246229757983
110,1,0,0,0,0,5316,0.0,136.0,360.0,1.0,2,1,0.7139550857101393,0.9146712137316626,0.2860449142898607,0.6357533375478005,0.9782465474864427,0.7267601545181426
115,1,1,1,0,0,14583,0.0,185.0,180.0,1.0,0,1,0.7800945854996683,1.2662176559781304,0.21990541450033174,0.6357533375478005,1.3297929897329104,0.7908063907999269
116,0,1,0,0,0,3167,2283.0,154.0,360.0,1.0,1,1,0.7430057266238076,1.061649950058472,0.2569942733761924,-1.5849431579974214,0.9031556342587298,0.7115975545024212
118,1,1,0,0,0,5568,2142.0,175.0,360.0,1.0,0,0,0.7399382097017709,1.0456474245356082,-0.7399382097017709,0.6357533375478005,1.1092227582903882,0.751984181165449
119,0,0,0,0,0,10408,0.0,259.0,360.0,1.0,2,1,0.7025694706169645,0.8595636038384941,0.2974305293830355,0.6357533375478005,0.9231389375932741,0.715681253919378
121,0,0,0,0,0,4166,0.0,44.0,360.0,1.0,1,1,0.7139550857101393,0.9146712137316626,0.2860449142898607,0.3103056330390686,0.9457017770355695,0.7202499496804979
122,0,0,0,0,0,2137,8980.0,137.0,360.0,0.0,1,1,0.2636011938096454,-1.027334496728439,0.7363988061903546,-0.8439522076231205,-1.111729717490751,0.24754855640590148
123,1,1,2,0,0,2957,0.0,81.0,360.0,1.0,1,1,0.7894021117266881,1.3213252658712988,0.21059788827331194,0.3103056330390686,1.3523558291752058,0.7945145105677534
124,1,1,0,1,0,4300,2014.0,194.0,360.0,1.0,0,1,0.7399382097017709,1.0456474245356082,0.26006179029822907,0.3659825947660783,1.082245684012216,0.7469187228963817
128,1,1,1,0,1,10513,3850.0,160.0,180.0,0.0,2,0,0.2636011938096454,-1.027334496728439,-0.2636011938096454,-0.8439522076231205,-1.111729717490751,0.24754855640590148
131,1,0,0,0,0,2014,1929.0,74.0,360.0,1.0,2,1,0.6581353921082581,0.6549958979188354,0.3418646078917419,-1.5849431579974214,0.49650158211909323,0.6216368384845538
132,1,0,0,0,0,2718,0.0,70.0,360.0,1.0,1,1,0.7139550857101393,0.9146712137316626,0.2860449142898607,0.3103056330390686,0.9457017770355695,0.7202499496804979
133,1,1,0,0,1,3459,0.0,25.0,120.0,1.0,1,1,0.7894021117266881,1.3213252658712988,0.21059788827331194,0.3103056330390686,1.3523558291752058,0.7945145105677534
134,1,0,0,0,0,4895,0.0,102.0,360.0,1.0,1,1,0.7139550857101393,0.9146712137316626,0.2860449142898607,0.6357533375478005,0.9782465474864427,0.7267601545181426
135,1,1,3,0,0,4000,7750.0,290.0,360.0,1.0,1,0,0.7536018993894927,1.1179157206118777,-0.7536018993894927,-1.5849431579974214,0.9594214048121356,0.7230059457744525
136,0,1,0,0,0,4583,0.0,84.0,360.0,1.0,0,0,0.7894021117266881,1.3213252658712988,-0.7894021117266881,0.3659825947660783,1.3579235253479067,0.795422008912774
137,1,1,2,0,1,3316,3500.0,88.0,360.0,1.0,2,1,0.7430057266238076,1.061649950058472,0.2569942733761924,-1.5849431579974214,0.9031556342587298,0.7115975545024212
138,1,0,0,0,0,14999,0.0,242.0,360.0,0.0,1,0,0.2636011938096454,-1.027334496728439,-0.2636011938096454,-0.8439522076231205,-1.111729717490751,0.24754855640590148
139,1,1,2,1,0,4200,1430.0,129.0,360.0,1.0,0,0,0.7430057266238076,1.061649950058472,-0.7430057266238076,0.3659825947660783,1.0982482095350798,0.7499317289492948
140,1,1,2,0,0,5042,2083.0,185.0,360.0,1.0,0,0,0.7399382097017709,1.0456474245356082,-0.7399382097017709,0.6357533375478005,1.1092227582903882,0.751984181165449
141,1,0,0,0,0,5417,0.0,168.0,360.0,1.0,2,1,0.7025694706169645,0.8595636038384941,0.2974305293830355,0.6357533375478005,0.9231389375932741,0.715681253919378
142,1,0,0,0,1,6950,0.0,175.0,180.0,1.0,1,1,0.7025694706169645,0.8595636038384941,0.2974305293830355,0.6357533375478005,0.9231389375932741,0.715681253919378
143,1,1,0,0,0,2698,2034.0,122.0,360.0,1.0,1,1,0.7430057266238076,1.061649950058472,0.2569942733761924,-1.5849431579974214,0.9031556342587298,0.7115975545024212
144,1,1,2,0,0,11757,0.0,187.0,180.0,1.0,2,1,0.7800945854996683,1.2662176559781304,0.21990541450033174,0.6357533375478005,1.3297929897329104,0.7908063907999269
145,0,1,0,0,0,2330,4486.0,100.0,360.0,1.0,1,1,0.7430057266238076,1.061649950058472,0.2569942733761924,-1.5849431579974214,0.9031556342587298,0.7115975545024212
146,0,1,2,0,0,14866,0.0,70.0,360.0,1.0,2,1,0.7894021117266881,1.3213252658712988,0.21059788827331194,0.6357533375478005,1.3849005996260788,0.7997769049147031
147,1,1,1,0,0,1538,1425.0,30.0,360.0,1.0,2,1,0.7865673513042185,1.304357032922855,0.2134326486957815,0.01911517368982732,1.3062685502918379,0.7868880794357624
148,0,0,0,0,0,10000,1666.0,225.0,360.0,1.0,0,0,0.6545258756271753,0.6389933723959716,-0.6545258756271753,0.6357533375478005,0.7025687061507517,0.6687570411380733
149,1,1,0,0,0,4860,830.0,125.0,360.0,1.0,1,1,0.7430057266238076,1.061649950058472,0.2569942733761924,0.6357533375478005,1.125225283813252,0.7549566661131775
150,1,0,0,0,0,6277,0.0,118.0,360.0,0.0,0,0,0.2636011938096454,-1.027334496728439,-0.2636011938096454,-0.8439522076231205,-1.111729717490751,0.24754855640590148
151,1,1,0,0,1,2577,3750.0,152.0,360.0,1.0,0,1,0.7430057266238076,1.061649950058472,0.2569942733761924,-1.5849431579974214,0.9031556342587298,0.7115975545024212
152,1,0,0,0,0,9166,0.0,244.0,360.0,1.0,2,0,0.7025694706169645,0.8595636038384941,-0.7025694706169645,0.6357533375478005,0.9231389375932741,0.715681253919378
153,1,1,2,1,0,2281,0.0,113.0,360.0,1.0,0,0,0.7894021117266881,1.3213252658712988,-0.7894021117266881,0.3103056330390686,1.3523558291752058,0.7945145105677534
154,1,0,0,0,0,3254,0.0,50.0,360.0,1.0,2,1,0.7139550857101393,0.9146712137316626,0.2860449142898607,0.3103056330390686,0.9457017770355695,0.7202499496804979
155,1,1,3,0,0,39999,0.0,600.0,180.0,0.0,1,1,0.28870213291495206,-0.9016958084804755,0.7112978670850479,-0.8439522076231205,-0.9860910292427876,0.2716848636104171
157,1,1,1,0,0,9538,0.0,187.0,360.0,1.0,2,1,0.7800945854996683,1.2662176559781304,0.21990541450033174,0.6357533375478005,1.3297929897329104,0.7908063907999269
159,1,1,0,0,0,4583,5625.0,255.0,360.0,1.0,1,1,0.7399382097017709,1.0456474245356082,0.26006179029822907,0.3659825947660783,1.082245684012216,0.7469187228963817
160,1,1,0,1,0,1863,1041.0,98.0,360.0,1.0,1,1,0.7430057266238076,1.061649950058472,0.2569942733761924,-1.5849431579974214,0.9031556342587298,0.7115975545024212
161,1,1,0,0,0,7933,0.0,275.0,360.0,1.0,2,0,0.7800945854996683,1.2662176559781304,-0.7800945854996683,0.6357533375478005,1.3297929897329104,0.7908063907999269
162,1,1,1,0,0,3089,1280.0,121.0,360.0,0.0,1,0,0.2636011938096454,-1.027334496728439,-0.2636011938096454,-0.8439522076231205,-1.111729717490751,0.24754855640590148
163,1,1,2,0,0,4167,1447.0,158.0,360.0,1.0,0,1,0.7430057266238076,1.061649950058472,0.2569942733761924,-1.5849431579974214,0.9031556342587298,0.7115975545024212
164,1,1,0,0,0,9323,0.0,75.0,180.0,1.0,2,1,0.7894021117266881,1.3213252658712988,0.21059788827331194,0.6357533375478005,1.3849005996260788,0.7997769049147031
166,0,1,0,0,0,4583,0.0,112.0,360.0,1.0,0,0,0.7894021117266881,1.3213252658712988,-0.7894021117266881,0.3659825947660783,1.3579235253479067,0.795422008912774
167,1,1,0,0,0,2439,3333.0,129.0,360.0,1.0,0,1,0.7430057266238076,1.061649950058472,0.2569942733761924,-1.5849431579974214,0.9031556342587298,0.7115975545024212
168,1,0,0,0,0,2237,0.0,63.0,480.0,0.0,1,0,0.2636011938096454,-1.027334496728439,-0.2636011938096454,-0.8439522076231205,-1.111729717490751,0.24754855640590148
169,1,1,2,0,0,8000,0.0,200.0,360.0,1.0,1,1,0.7800945854996683,1.2662176559781304,0.21990541450033174,0.6357533375478005,1.3297929897329104,0.7908063907999269
172,1,1,3,1,0,3522,0.0,81.0,180.0,1.0,0,0,0.7894021117266881,1.3213252658712988,-0.7894021117266881,0.3103056330390686,1.3523558291752058,0.7945145105677534
173,1,1,0,0,0,5708,5625.0,187.0,360.0,1.0,1,1,0.7399382097017709,1.0456474245356082,0.26006179029822907,0.6357533375478005,1.1092227582903882,0.751984181165449
174,1,1,0,1,1,4344,736.0,87.0,360.0,1.0,1,0,0.7894021117266881,1.3213252658712988,-0.7894021117266881,0.3659825947660783,1.3579235253479067,0.795422008912774
175,1,1,0,0,0,3497,1964.0,116.0,360.0,1.0,0,1,0.7430057266238076,1.061649950058472,0.2569942733761924,-1.5849431579974214,0.9031556342587298,0.7115975545024212
176,1,1,2,0,0,2045,1619.0,101.0,360.0,1.0,0,1,0.7430057266238076,1.061649950058472,0.2569942733761924,-1.5849431579974214,0.9031556342587298,0.7115975545024212
177,1,1,3,0,0,5516,11300.0,495.0,360.0,0.0,1,0,0.2636011938096454,-1.027334496728439,-0.2636011938096454,-0.8439522076231205,-1.111729717490751,0.24754855640590148
178,1,1,1,0,0,3750,0.0,116.0,360.0,1.0,1,1,0.7894021117266881,1.3213252658712988,0.21059788827331194,0.3103056330390686,1.3523558291752058,0.7945145105677534
179,1,0,0,1,0,2333,1451.0,102.0,480.0,0.0,2,0,0.2636011938096454,-1.027334496728439,-0.2636011938096454,-0.8439522076231205,-1.111729717490751,0.24754855640590148
180,1,1,1,0,0,6400,7250.0,180.0,360.0,0.0,2,0,0.2636011938096454,-1.027334496728439,-0.2636011938096454,-0.8439522076231205,-1.111729717490751,0.24754855640590148
182,1,1,0,0,0,4600,0.0,73.0,180.0,1.0,1,1,0.7894021117266881,1.3213252658712988,0.21059788827331194,0.3659825947660783,1.3579235253479067,0.795422008912774
183,1,1,1,0,0,33846,0.0,260.0,360.0,1.0,1,0,0.7960523914572926,1.3618018621011228,-0.7960523914572926,0.6357533375478005,1.4253771958559027,0.8061800072700166
184,0,1,0,0,0,3625,0.0,108.0,360.0,1.0,1,1,0.7894021117266881,1.3213252658712988,0.21059788827331194,0.3103056330390686,1.3523558291752058,0.7945145105677534
185,1,1,0,0,1,39147,4750.0,120.0,360.0,1.0,1,1,0.7430057266238076,1.061649950058472,0.2569942733761924,0.6357533375478005,1.125225283813252,0.7549566661131775
186,1,1,1,0,1,2178,0.0,66.0,300.0,0.0,0,0,0.2636011938096454,-1.027334496728439,-0.2636011938096454,-0.8439522076231205,-1.111729717490751,0.24754855640590148
189,1,1,0,0,0,9328,0.0,188.0,180.0,1.0,0,1,0.7800945854996683,1.2662176559781304,0.21990541450033174,0.6357533375478005,1.3297929897329104,0.7908063907999269
190,1,0,0,1,0,4885,0.0,48.0,360.0,1.0,0,1,0.7139550857101393,0.9146712137316626,0.2860449142898607,0.6357533375478005,0.9782465474864427,0.7267601545181426
191,1,0,0,0,0,12000,0.0,164.0,360.0,1.0,1,0,0.7025694706169645,0.8595636038384941,-0.7025694706169645,0.6357533375478005,0.9231389375932741,0.715681253919378
192,1,1,0,1,0,6033,0.0,160.0,360.0,1.0,2,0,0.7800945854996683,1.2662176559781304,-0.7800945854996683,0.6357533375478005,1.3297929897329104,0.7908063907999269
193,1,0,0,0,0,3858,0.0,76.0,360.0,1.0,1,1,0.7139550857101393,0.9146712137316626,0.2860449142898607,0.3103056330390686,0.9457017770355695,0.7202499496804979
194,1,0,0,0,0,4191,0.0,120.0,360.0,1.0,0,1,0.7139550857101393,0.9146712137316626,0.2860449142898607,0.3103056330390686,0.9457017770355695,0.7202499496804979
195,1,1,1,0,0,3125,2583.0,170.0,360.0,1.0,1,0,0.7399382097017709,1.0456474245356082,-0.7399382097017709,-1.5849431579974214,0.8871531087358661,0.7083023249583722
196,1,0,0,0,0,8333,3750.0,187.0,360.0,1.0,0,1,0.6545258756271753,0.6389933723959716,0.34547412437282465,0.6357533375478005,0.7025687061507517,0.6687570411380733
199,1,0,0,0,1,11000,0.0,83.0,360.0,1.0,2,0,0.7139550857101393,0.9146712137316626,-0.7139550857101393,0.6357533375478005,0.9782465474864427,0.7267601545181426
200,1,1,1,1,0,2600,2500.0,90.0,360.0,1.0,1,1,0.7430057266238076,1.061649950058472,0.2569942733761924,-1.5849431579974214,0.9031556342587298,0.7115975545024212
201,1,0,2,0,0,4923,0.0,166.0,360.0,0.0,1,1,0.2636011938096454,-1.027334496728439,0.7363988061903546,-0.8439522076231205,-1.111729717490751,0.24754855640590148
203,1,1,1,1,0,3500,1083.0,135.0,360.0,1.0,2,1,0.7430057266238076,1.061649950058472,0.2569942733761924,-1.5849431579974214,0.9031556342587298,0.7115975545024212
204,1,1,2,1,0,3917,0.0,124.0,360.0,1.0,1,1,0.7894021117266881,1.3213252658712988,0.21059788827331194,0.3103056330390686,1.3523558291752058,0.7945145105677534
205,0,0,0,1,0,4408,0.0,120.0,360.0,1.0,1,1,0.7139550857101393,0.9146712137316626,0.2860449142898607,0.3659825947660783,0.9512694732082705,0.7213704076627278
206,0,0,0,0,0,3244,0.0,80.0,360.0,1.0,2,1,0.7139550857101393,0.9146712137316626,0.2860449142898607,0.3103056330390686,0.9457017770355695,0.7202499496804979
207,1,0,0,1,0,3975,2531.0,55.0,360.0,1.0,0,1,0.6581353921082581,0.6549958979188354,0.3418646078917419,-1.5849431579974214,0.49650158211909323,0.6216368384845538
208,1,0,0,0,0,2479,0.0,59.0,360.0,1.0,2,1,0.7139550857101393,0.9146712137316626,0.2860449142898607,0.3103056330390686,0.9457017770355695,0.7202499496804979
209,1,0,0,0,0,3418,0.0,127.0,360.0,1.0,1,0,0.7139550857101393,0.9146712137316626,-0.7139550857101393,0.3103056330390686,0.9457017770355695,0.7202499496804979
210,0,0,0,0,0,10000,0.0,214.0,360.0,1.0,1,0,0.7025694706169645,0.8595636038384941,-0.7025694706169645,0.6357533375478005,0.9231389375932741,0.715681253919378
211,1,1,3,0,0,3430,1250.0,128.0,360.0,0.0,1,0,0.2636011938096454,-1.027334496728439,-0.2636011938096454,-0.8439522076231205,-1.111729717490751,0.24754855640590148
212,1,1,1,0,1,7787,0.0,240.0,360.0,1.0,2,1,0.7800945854996683,1.2662176559781304,0.21990541450033174,0.6357533375478005,1.3297929897329104,0.7908063907999269
213,1,1,3,1,1,5703,0.0,130.0,360.0,1.0,0,1,0.7894021117266881,1.3213252658712988,0.21059788827331194,0.6357533375478005,1.3849005996260788,0.7997769049147031
214,1,1,0,0,0,3173,3021.0,137.0,360.0,1.0,2,1,0.7430057266238076,1.061649950058472,0.2569942733761924,-1.5849431579974214,0.9031556342587298,0.7115975545024212
215,1,1,3,1,0,3850,983.0,100.0,360.0,1.0,1,1,0.7430057266238076,1.061649950058472,0.2569942733761924,-1.5849431579974214,0.9031556342587298,0.7115975545024212
216,1,1,0,0,0,150,1800.0,135.0,360.0,1.0,0,0,0.7874940388571215,1.3098857605578103,-0.7874940388571215,0.0020519154184783454,1.310090952099658,0.7875283750568625
217,1,1,0,0,0,3727,1775.0,131.0,360.0,1.0,1,1,0.7430057266238076,1.061649950058472,0.2569942733761924,-1.5849431579974214,0.9031556342587298,0.7115975545024212
220,1,1,0,0,0,2221,0.0,60.0,360.0,0.0,2,0,0.2636011938096454,-1.027334496728439,-0.2636011938096454,-0.8439522076231205,-1.111729717490751,0.24754855640590148
221,1,1,2,0,0,4009,1717.0,116.0,360.0,1.0,1,1,0.7430057266238076,1.061649950058472,0.2569942733761924,-1.5849431579974214,0.9031556342587298,0.7115975545024212
222,1,0,0,0,0,2971,2791.0,144.0,360.0,1.0,1,1,0.6581353921082581,0.6549958979188354,0.3418646078917419,-1.5849431579974214,0.49650158211909323,0.6216368384845538
224,1,1,0,0,0,6250,0.0,128.0,360.0,1.0,1,1,0.7894021117266881,1.3213252658712988,0.21059788827331194,0.6357533375478005,1.3849005996260788,0.7997769049147031
225,1,1,0,0,0,3250,0.0,170.0,360.0,1.0,0,0,0.7800945854996683,1.2662176559781304,-0.7800945854996683,0.3103056330390686,1.2972482192820374,0.7853714985902179
227,1,1,2,0,0,6250,1695.0,210.0,360.0,1.0,1,1,0.7399382097017709,1.0456474245356082,0.26006179029822907,0.6357533375478005,1.1092227582903882,0.751984181165449
229,1,0,0,0,1,6400,0.0,200.0,360.0,1.0,0,1,0.7025694706169645,0.8595636038384941,0.2974305293830355,0.6357533375478005,0.9231389375932741,0.715681253919378
230,1,1,1,0,0,2491,2054.0,104.0,360.0,1.0,1,1,0.7430057266238076,1.061649950058472,0.2569942733761924,-1.5849431579974214,0.9031556342587298,0.7115975545024212
233,0,0,0,0,0,8333,0.0,280.0,360.0,1.0,1,1,0.7025694706169645,0.8595636038384941,0.2974305293830355,0.6357533375478005,0.9231389375932741,0.715681253919378
234,1,1,1,0,0,3155,1779.0,140.0,360.0,1.0,1,1,0.7430057266238076,1.061649950058472,0.2569942733761924,-1.5849431579974214,0.9031556342587298,0.7115975545024212
235,1,1,1,0,0,5500,1260.0,170.0,360.0,1.0,0,1,0.7399382097017709,1.0456474245356082,0.26006179029822907,0.6357533375478005,1.1092227582903882,0.751984181165449
238,0,0,1,0,0,3812,0.0,112.0,360.0,1.0,0,1,0.7139550857101393,0.9146712137316626,0.2860449142898607,0.3103056330390686,0.9457017770355695,0.7202499496804979
239,1,1,1,0,0,3315,0.0,96.0,360.0,1.0,1,1,0.7894021117266881,1.3213252658712988,0.21059788827331194,0.3103056330390686,1.3523558291752058,0.7945145105677534
240,1,1,2,0,0,5819,5000.0,120.0,360.0,1.0,0,1,0.7430057266238076,1.061649950058472,0.2569942733761924,0.6357533375478005,1.125225283813252,0.7549566661131775
241,1,1,1,1,0,2510,1983.0,140.0,180.0,1.0,2,0,0.7430057266238076,1.061649950058472,-0.7430057266238076,-1.5849431579974214,0.9031556342587298,0.7115975545024212
242,1,0,0,0,0,2965,5701.0,155.0,60.0,1.0,2,1,0.6581353921082581,0.6549958979188354,0.3418646078917419,-1.5849431579974214,0.49650158211909323,0.6216368384845538
243,1,1,2,0,1,6250,1300.0,108.0,360.0,1.0,0,1,0.7430057266238076,1.061649950058472,0.2569942733761924,0.6357533375478005,1.125225283813252,0.7549566661131775
244,1,1,0,1,0,3406,4417.0,123.0,360.0,1.0,1,1,0.7430057266238076,1.061649950058472,0.2569942733761924,-1.5849431579974214,0.9031556342587298,0.7115975545024212
245,1,0,0,0,1,6050,4333.0,120.0,180.0,1.0,2,0,0.6581353921082581,0.6549958979188354,-0.6581353921082581,0.6357533375478005,0.7185712316736155,0.6722923149845785
246,1,1,2,0,0,9703,0.0,112.0,360.0,1.0,2,1,0.7894021117266881,1.3213252658712988,0.21059788827331194,0.6357533375478005,1.3849005996260788,0.7997769049147031
247,1,1,1,1,0,6608,0.0,137.0,180.0,1.0,2,1,0.7894021117266881,1.3213252658712988,0.21059788827331194,0.6357533375478005,1.3849005996260788,0.7997769049147031
248,1,1,1,0,0,2882,1843.0,123.0,480.0,1.0,1,1,0.6659577693090615,0.6899588349057059,0.3340422306909385,-1.5849431579974214,0.5314645191059637,0.6298246229757983
249,1,1,0,0,0,1809,1868.0,90.0,360.0,1.0,2,1,0.7430057266238076,1.061649950058472,0.2569942733761924,-1.5849431579974214,0.9031556342587298,0.7115975545024212
250,1,1,0,1,0,1668,3890.0,201.0,360.0,0.0,1,0,0.2636011938096454,-1.027334496728439,-0.2636011938096454,-0.8439522076231205,-1.111729717490751,0.24754855640590148
251,0,0,2,0,0,3427,0.0,138.0,360.0,1.0,2,0,0.7139550857101393,0.9146712137316626,-0.7139550857101393,0.3103056330390686,0.9457017770355695,0.7202499496804979
252,1,0,0,1,1,2583,2167.0,104.0,360.0,1.0,0,1,0.6581353921082581,0.6549958979188354,0.3418646078917419,-1.5849431579974214,0.49650158211909323,0.6216368384845538
253,1,1,1,1,0,2661,7101.0,279.0,180.0,1.0,1,1,0.7399382097017709,1.0456474245356082,0.26006179029822907,-1.5849431579974214,0.8871531087358661,0.7083023249583722
254,1,0,0,0,1,16250,0.0,192.0,360.0,0.0,2,0,0.2636011938096454,-1.027334496728439,-0.2636011938096454,-0.8439522076231205,-1.111729717490751,0.24754855640590148
255,0,0,3,0,0,3083,0.0,255.0,360.0,1.0,0,1,0.7025694706169645,0.8595636038384941,0.2974305293830355,0.3103056330390686,0.8905941671424009,0.7090127725863611
256,1,0,0,1,0,6045,0.0,115.0,360.0,0.0,0,0,0.2636011938096454,-1.027334496728439,-0.2636011938096454,-0.8439522076231205,-1.111729717490751,0.24754855640590148
257,1,1,3,0,0,5250,0.0,94.0,360.0,1.0,2,0,0.7894021117266881,1.3213252658712988,-0.7894021117266881,0.6357533375478005,1.3849005996260788,0.7997769049147031
258,1,1,0,0,0,14683,2100.0,304.0,360.0,1.0,0,0,0.6684685856360548,0.701266833689253,-0.6684685856360548,0.6357533375478005,0.7648421674440331,0.6824040963260225
261,1,0,0,0,0,2060,2209.0,134.0,360.0,1.0,1,1,0.6581353921082581,0.6549958979188354,0.3418646078917419,-1.5849431579974214,0.49650158211909323,0.6216368384845538
262,0,0,1,0,0,3481,0.0,155.0,36.0,1.0,1,0,0.6254496922464776,0.512744771553662,-0.6254496922464776,0.3103056330390686,0.5437753348575689,0.6326902189760287
263,0,0,0,0,0,7200,0.0,120.0,360.0,1.0,0,1,0.7139550857101393,0.9146712137316626,0.2860449142898607,0.6357533375478005,0.9782465474864427,0.7267601545181426
264,1,0,0,0,1,5166,0.0,128.0,360.0,1.0,1,1,0.7139550857101393,0.9146712137316626,0.2860449142898607,0.6357533375478005,0.9782465474864427,0.7267601545181426
265,1,0,0,0,0,4095,3447.0,151.0,360.0,1.0,0,1,0.6581353921082581,0.6549958979188354,0.3418646078917419,-1.5849431579974214,0.49650158211909323,0.6216368384845538
266,1,1,2,0,0,4708,1387.0,150.0,360.0,1.0,1,1,0.7430057266238076,1.061649950058472,0.2569942733761924,0.6357533375478005,1.125225283813252,0.7549566661131775
267,1,1,3,0,0,4333,1811.0,160.0,360.0,0.0,2,1,0.2636011938096454,-1.027334496728439,0.7363988061903546,-0.8439522076231205,-1.111729717490751,0.24754855640590148
269,0,0,1,0,0,2876,1560.0,90.0,360.0,1.0,2,1,0.6581353921082581,0.6549958979188354,0.3418646078917419,-1.5849431579974214,0.49650158211909323,0.6216368384845538
270,0,0,0,0,0,3237,0.0,30.0,360.0,1.0,2,1,0.7139550857101393,0.9146712137316626,0.2860449142898607,0.3103056330390686,0.9457017770355695,0.7202499496804979
271,1,1,0,0,0,11146,0.0,136.0,360.0,1.0,2,1,0.7894021117266881,1.3213252658712988,0.21059788827331194,0.6357533375478005,1.3849005996260788,0.7997769049147031
272,1,0,0,0,0,2833,1857.0,126.0,360.0,1.0,0,1,0.6581353921082581,0.6549958979188354,0.3418646078917419,-1.5849431579974214,0.49650158211909323,0.6216368384845538
273,1,1,0,0,0,2620,2223.0,150.0,360.0,1.0,1,1,0.7430057266238076,1.061649950058472,0.2569942733761924,-1.5849431579974214,0.9031556342587298,0.7115975545024212
274,1,1,2,0,0,3900,0.0,90.0,360.0,1.0,1,1,0.7894021117266881,1.3213252658712988,0.21059788827331194,0.3103056330390686,1.3523558291752058,0.7945145105677534
275,1,1,1,0,0,2750,1842.0,115.0,360.0,1.0,1,1,0.7430057266238076,1.061649950058472,0.2569942733761924,-1.5849431579974214,0.9031556342587298,0.7115975545024212
276,1,1,0,0,0,3993,3274.0,207.0,360.0,1.0,1,1,0.7399382097017709,1.0456474245356082,0.26006179029822907,-1.5849431579974214,0.8871531087358661,0.7083023249583722
277,1,1,0,0,0,3103,1300.0,80.0,360.0,1.0,2,1,0.7430057266238076,1.061649950058472,0.2569942733761924,-1.5849431579974214,0.9031556342587298,0.7115975545024212
278,1,1,0,0,0,14583,0.0,436.0,360.0,1.0,1,1,0.6476037938360795,0.6085229517934365,0.35239620616392053,0.6357533375478005,0.6720982855482166,0.661972841102599
280,1,0,1,1,1,4053,2426.0,158.0,360.0,0.0,2,0,0.2636011938096454,-1.027334496728439,-0.2636011938096454,-0.8439522076231205,-1.111729717490751,0.24754855640590148
281,1,1,0,0,0,3927,800.0,112.0,360.0,1.0,1,1,0.7430057266238076,1.061649950058472,0.2569942733761924,-1.5849431579974214,0.9031556342587298,0.7115975545024212
282,1,1,2,0,0,2301,985.7999878,78.0,180.0,1.0,2,1,0.7430057266238076,1.061649950058472,0.2569942733761924,-1.5849431579974214,0.9031556342587298,0.7115975545024212
283,0,0,0,0,0,1811,1666.0,54.0,360.0,1.0,2,1,0.6581353921082581,0.6549958979188354,0.3418646078917419,-1.5849431579974214,0.49650158211909323,0.6216368384845538
285,1,0,0,0,0,3158,3053.0,89.0,360.0,1.0,0,1,0.6581353921082581,0.6549958979188354,0.3418646078917419,-1.5849431579974214,0.49650158211909323,0.6216368384845538
286,0,0,0,0,1,2600,1717.0,99.0,300.0,1.0,1,0,0.6581353921082581,0.6549958979188354,-0.6581353921082581,-1.5849431579974214,0.49650158211909323,0.6216368384845538
287,1,1,0,0,0,3704,2000.0,120.0,360.0,1.0,0,1,0.7430057266238076,1.061649950058472,0.2569942733761924,-1.5849431579974214,0.9031556342587298,0.7115975545024212
288,0,0,0,0,0,4124,0.0,115.0,360.0,1.0,1,1,0.7139550857101393,0.9146712137316626,0.2860449142898607,0.3103056330390686,0.9457017770355695,0.7202499496804979
289,1,0,0,0,0,9508,0.0,187.0,360.0,1.0,0,1,0.7025694706169645,0.8595636038384941,0.2974305293830355,0.6357533375478005,0.9231389375932741,0.715681253919378
290,1,1,0,0,0,3075,2416.0,139.0,360.0,1.0,0,1,0.7430057266238076,1.061649950058472,0.2569942733761924,-1.5849431579974214,0.9031556342587298,0.7115975545024212
291,1,1,2,0,0,4400,0.0,127.0,360.0,0.0,1,0,0.2636011938096454,-1.027334496728439,-0.2636011938096454,-0.8439522076231205,-1.111729717490751,0.24754855640590148
292,1,1,2,0,0,3153,1560.0,134.0,360.0,1.0,2,1,0.7430057266238076,1.061649950058472,0.2569942733761924,-1.5849431579974214,0.9031556342587298,0.7115975545024212
294,1,1,0,0,0,2383,3334.0,172.0,360.0,1.0,1,1,0.7399382097017709,1.0456474245356082,0.26006179029822907,-1.5849431579974214,0.8871531087358661,0.7083023249583722
296,1,1,1,0,0,6875,0.0,200.0,360.0,1.0,1,1,0.7800945854996683,1.2662176559781304,0.21990541450033174,0.6357533375478005,1.3297929897329104,0.7908063907999269
297,0,1,1,0,0,4666,0.0,135.0,360.0,1.0,2,1,0.7894021117266881,1.3213252658712988,0.21059788827331194,0.3659825947660783,1.3579235253479067,0.795422008912774
298,0,0,0,0,0,5000,2541.0,151.0,480.0,1.0,0,0,0.5798356166311766,0.3220986200900018,-0.5798356166311766,0.6357533375478005,0.38567395384478187,0.5952408594294846
299,1,1,1,0,0,2014,2925.0,113.0,360.0,1.0,2,0,0.7430057266238076,1.061649950058472,-0.7430057266238076,-1.5849431579974214,0.9031556342587298,0.7115975545024212
300,1,1,0,1,0,1800,2934.0,93.0,360.0,0.0,2,0,0.2636011938096454,-1.027334496728439,-0.2636011938096454,-0.8439522076231205,-1.111729717490751,0.24754855640590148
302,0,0,0,0,0,5000,0.0,132.0,360.0,1.0,0,1,0.7139550857101393,0.9146712137316626,0.2860449142898607,0.6357533375478005,0.9782465474864427,0.7267601545181426
303,1,1,1,0,0,1625,1803.0,96.0,360.0,1.0,2,1,0.7430057266238076,1.061649950058472,0.2569942733761924,-1.5849431579974214,0.9031556342587298,0.7115975545024212
304,1,0,0,0,0,4000,2500.0,140.0,360.0,1.0,0,1,0.6581353921082581,0.6549958979188354,0.3418646078917419,-1.5849431579974214,0.49650158211909323,0.6216368384845538
306,0,0,0,0,0,3762,1666.0,135.0,360.0,1.0,0,1,0.6581353921082581,0.6549958979188354,0.3418646078917419,-1.5849431579974214,0.49650158211909323,0.6216368384845538
307,0,0,0,0,0,2400,1863.0,104.0,360.0,0.0,2,0,0.2636011938096454,-1.027334496728439,-0.2636011938096454,-0.8439522076231205,-1.111729717490751,0.24754855640590148
308,1,0,0,0,0,20233,0.0,480.0,360.0,1.0,0,0,0.7608319260548545,1.157245931105667,-0.7608319260548545,0.6357533375478005,1.220821264860447,0.7722080444937328
310,0,0,0,0,0,2917,0.0,84.0,360.0,1.0,1,1,0.7139550857101393,0.9146712137316626,0.2860449142898607,0.3103056330390686,0.9457017770355695,0.7202499496804979
311,1,0,0,1,0,2927,2405.0,111.0,360.0,1.0,1,1,0.6581353921082581,0.6549958979188354,0.3418646078917419,-1.5849431579974214,0.49650158211909323,0.6216368384845538
312,0,0,0,0,0,2507,0.0,56.0,360.0,1.0,0,1,0.7139550857101393,0.9146712137316626,0.2860449142898607,0.3103056330390686,0.9457017770355695,0.7202499496804979
315,1,1,1,1,0,3399,1640.0,111.0,180.0,1.0,2,1,0.7430057266238076,1.061649950058472,0.2569942733761924,-1.5849431579974214,0.9031556342587298,0.7115975545024212
316,1,1,2,0,0,3717,0.0,120.0,360.0,1.0,1,1,0.7894021117266881,1.3213252658712988,0.21059788827331194,0.3103056330390686,1.3523558291752058,0.7945145105677534
319,1,1,1,0,1,10000,0.0,155.0,360.0,1.0,0,0,0.7894021117266881,1.3213252658712988,-0.7894021117266881,0.6357533375478005,1.3849005996260788,0.7997769049147031
320,1,1,0,0,0,2400,2167.0,115.0,360.0,1.0,1,1,0.7430057266238076,1.061649950058472,0.2569942733761924,-1.5849431579974214,0.9031556342587298,0.7115975545024212
321,1,1,3,0,0,4342,189.0,124.0,360.0,1.0,1,1,0.7894021117266881,1.3213252658712988,0.21059788827331194,0.3659825947660783,1.3579235253479067,0.795422008912774
324,1,1,3,0,0,15000,0.0,300.0,360.0,1.0,0,1,0.7518439980570799,1.1084712645424455,0.2481560019429201,0.6357533375478005,1.1720465982972255,0.7635147487399597
325,1,1,1,0,1,8666,4983.0,376.0,360.0,0.0,0,0,0.2636011938096454,-1.027334496728439,-0.2636011938096454,-0.8439522076231205,-1.111729717490751,0.24754855640590148
326,1,0,0,0,0,4917,0.0,130.0,360.0,0.0,0,1,0.2636011938096454,-1.027334496728439,0.7363988061903546,-0.8439522076231205,-1.111729717490751,0.24754855640590148
327,1,1,0,0,1,5818,2160.0,184.0,360.0,1.0,1,1,0.7399382097017709,1.0456474245356082,0.26006179029822907,0.6357533375478005,1.1092227582903882,0.751984181165449
328,0,1,0,0,0,4333,2451.0,110.0,360.0,1.0,2,0,0.7430057266238076,1.061649950058472,-0.7430057266238076,0.3659825947660783,1.0982482095350798,0.7499317289492948
329,0,0,0,0,0,2500,0.0,67.0,360.0,1.0,2,1,0.7139550857101393,0.9146712137316626,0.2860449142898607,0.3103056330390686,0.9457017770355695,0.7202499496804979
330,1,0,1,0,0,4384,1793.0,117.0,360.0,1.0,2,1,0.6581353921082581,0.6549958979188354,0.3418646078917419,0.3659825947660783,0.6915941573954432,0.6663214611252376
331,1,0,0,0,0,2935,0.0,98.0,360.0,1.0,1,1,0.7139550857101393,0.9146712137316626,0.2860449142898607,0.3103056330390686,0.9457017770355695,0.7202499496804979
337,1,1,2,0,1,2500,4600.0,176.0,360.0,1.0,0,1,0.7399382097017709,1.0456474245356082,0.26006179029822907,-1.5849431579974214,0.8871531087358661,0.7083023249583722
339,0,0,0,0,0,4160,0.0,71.0,360.0,1.0,1,1,0.7139550857101393,0.9146712137316626,0.2860449142898607,0.3103056330390686,0.9457017770355695,0.7202499496804979
340,1,1,3,1,0,2647,1587.0,173.0,360.0,1.0,0,0,0.7399382097017709,1.0456474245356082,-0.7399382097017709,-1.5849431579974214,0.8871531087358661,0.7083023249583722
341,0,0,0,0,0,2378,0.0,46.0,360.0,1.0,0,0,0.7139550857101393,0.9146712137316626,-0.7139550857101393,0.3103056330390686,0.9457017770355695,0.7202499496804979
342,1,1,1,1,0,4554,1229.0,158.0,360.0,1.0,2,1,0.7430057266238076,1.061649950058472,0.2569942733761924,0.3659825947660783,1.0982482095350798,0.7499317289492948
343,1,1,3,1,0,3173,0.0,74.0,360.0,1.0,1,1,0.7894021117266881,1.3213252658712988,0.21059788827331194,0.3103056330390686,1.3523558291752058,0.7945145105677534
345,1,1,0,0,0,2499,2458.0,160.0,360.0,1.0,1,1,0.7464985000997506,1.0800238679537542,0.2535014999002494,-1.5849431579974214,0.921529552154012,0.7153536599586492
347,1,1,2,1,0,3083,2168.0,126.0,360.0,1.0,2,1,0.7430057266238076,1.061649950058472,0.2569942733761924,-1.5849431579974214,0.9031556342587298,0.7115975545024212
349,1,1,0,0,0,2625,6250.0,187.0,360.0,1.0,0,1,0.7399382097017709,1.0456474245356082,0.26006179029822907,-1.5849431579974214,0.8871531087358661,0.7083023249583722
350,1,1,0,0,0,9083,0.0,228.0,360.0,1.0,1,1,0.7800945854996683,1.2662176559781304,0.21990541450033174,0.6357533375478005,1.3297929897329104,0.7908063907999269
351,1,0,0,0,0,8750,4167.0,308.0,360.0,1.0,0,0,0.7726799438596365,1.2235059552862892,-0.7726799438596365,0.6357533375478005,1.2870812890410692,0.7836527573635848
352,1,1,3,0,0,2666,2083.0,95.0,360.0,1.0,0,1,0.7430057266238076,1.061649950058472,0.2569942733761924,-1.5849431579974214,0.9031556342587298,0.7115975545024212
353,0,1,0,0,1,5500,0.0,105.0,360.0,0.0,0,0,0.2636011938096454,-1.027334496728439,-0.2636011938096454,-0.8439522076231205,-1.111729717490751,0.24754855640590148
354,0,1,0,0,0,2423,505.0,130.0,360.0,1.0,1,1,0.7894021117266881,1.3213252658712988,0.21059788827331194,0.3103056330390686,1.3523558291752058,0.7945145105677534
356,1,1,2,0,0,8333,3167.0,165.0,360.0,1.0,0,1,0.7464985000997506,1.0800238679537542,0.2535014999002494,0.6357533375478005,1.1435992017085341,0.7583398437558871
357,1,1,1,0,0,3875,0.0,67.0,360.0,1.0,2,0,0.7894021117266881,1.3213252658712988,-0.7894021117266881,0.3103056330390686,1.3523558291752058,0.7945145105677534
358,1,1,0,1,0,3000,1666.0,100.0,480.0,0.0,2,0,0.2636011938096454,-1.027334496728439,-0.2636011938096454,-0.8439522076231205,-1.111729717490751,0.24754855640590148
359,1,1,3,0,0,5167,3167.0,200.0,360.0,1.0,1,1,0.7399382097017709,1.0456474245356082,0.26006179029822907,0.6357533375478005,1.1092227582903882,0.751984181165449
360,0,0,1,0,0,4723,0.0,81.0,360.0,1.0,1,0,0.7139550857101393,0.9146712137316626,-0.7139550857101393,0.6357533375478005,0.9782465474864427,0.7267601545181426
361,1,1,2,0,0,5000,3667.0,236.0,360.0,1.0,1,1,0.7399382097017709,1.0456474245356082,0.26006179029822907,0.6357533375478005,1.1092227582903882,0.751984181165449
362,1,1,0,0,0,4750,2333.0,130.0,360.0,1.0,2,1,0.7430057266238076,1.061649950058472,0.2569942733761924,0.6357533375478005,1.125225283813252,0.7549566661131775
364,1,0,0,0,1,6822,0.0,141.0,360.0,1.0,0,1,0.7139550857101393,0.9146712137316626,0.2860449142898607,0.6357533375478005,0.9782465474864427,0.7267601545181426
365,1,0,0,1,0,6216,0.0,133.0,360.0,1.0,0,0,0.7139550857101393,0.9146712137316626,-0.7139550857101393,0.6357533375478005,0.9782465474864427,0.7267601545181426
366,1,0,0,0,0,2500,0.0,96.0,480.0,1.0,1,0,0.5074371810477227,0.029750918417344806,-0.5074371810477227,0.3103056330390686,0.06078148172125167,0.5151906940244447
368,1,1,1,0,0,6325,0.0,175.0,360.0,1.0,1,1,0.7800945854996683,1.2662176559781304,0.21990541450033174,0.6357533375478005,1.3297929897329104,0.7908063907999269
369,1,1,0,0,0,19730,5266.0,570.0,360.0,1.0,0,0,0.6893004853672935,0.7968510398122453,-0.6893004853672935,0.6357533375478005,0.8604263735670253,0.7027497283042459
370,0,0,0,0,1,15759,0.0,55.0,360.0,1.0,1,1,0.7139550857101393,0.9146712137316626,0.2860449142898607,0.6357533375478005,0.9782465474864427,0.7267601545181426
371,1,1,2,0,0,5185,0.0,155.0,360.0,1.0,1,1,0.7894021117266881,1.3213252658712988,0.21059788827331194,0.6357533375478005,1.3849005996260788,0.7997769049147031
372,1,1,2,0,1,9323,7873.0,380.0,300.0,1.0,0,1,0.7373901985353568,1.0324479079217186,0.2626098014646432,0.6357533375478005,1.0960232416764986,0.7495142395462568
373,1,0,1,0,0,3062,1987.0,111.0,180.0,0.0,2,0,0.2636011938096454,-1.027334496728439,-0.2636011938096454,-0.8439522076231205,-1.111729717490751,0.24754855640590148
375,1,1,0,0,0,4817,923.0,120.0,180.0,1.0,2,1,0.7430057266238076,1.061649950058472,0.2569942733761924,0.6357533375478005,1.125225283813252,0.7549566661131775
376,1,1,3,0,0,8750,4996.0,130.0,360.0,1.0,0,1,0.7430057266238076,1.061649950058472,0.2569942733761924,0.6357533375478005,1.125225283813252,0.7549566661131775
378,1,0,0,0,0,3069,0.0,71.0,480.0,1.0,2,0,0.5074371810477227,0.029750918417344806,-0.5074371810477227,0.3103056330390686,0.06078148172125167,0.5151906940244447
379,1,1,2,0,0,5391,0.0,130.0,360.0,1.0,2,1,0.7894021117266881,1.3213252658712988,0.21059788827331194,0.6357533375478005,1.3849005996260788,0.7997769049147031
381,1,0,0,0,0,5941,4232.0,296.0,360.0,1.0,1,1,0.6706798824611176,0.7112616684722414,0.32932011753888235,0.6357533375478005,0.7748370022270215,0.6845663044127094
382,0,0,0,0,0,6000,0.0,156.0,360.0,1.0,2,1,0.7139550857101393,0.9146712137316626,0.2860449142898607,0.6357533375478005,0.9782465474864427,0.7267601545181426
383,1,0,0,0,1,7167,0.0,128.0,360.0,1.0,2,1,0.7139550857101393,0.9146712137316626,0.2860449142898607,0.6357533375478005,0.9782465474864427,0.7267601545181426
384,1,1,2,0,0,4566,0.0,100.0,360.0,1.0,2,0,0.7894021117266881,1.3213252658712988,-0.7894021117266881,0.3659825947660783,1.3579235253479067,0.795422008912774
386,1,0,0,1,0,2346,1600.0,132.0,360.0,1.0,1,1,0.6581353921082581,0.6549958979188354,0.3418646078917419,-1.5849431579974214,0.49650158211909323,0.6216368384845538
388,1,1,0,0,0,2333,2417.0,136.0,360.0,1.0,2,1,0.7430057266238076,1.061649950058472,0.2569942733761924,-1.5849431579974214,0.9031556342587298,0.7115975545024212
389,1,1,0,0,0,5488,0.0,125.0,360.0,1.0,0,1,0.7894021117266881,1.3213252658712988,0.21059788827331194,0.6357533375478005,1.3849005996260788,0.7997769049147031
390,1,0,3,0,0,9167,0.0,185.0,360.0,1.0,0,1,0.7025694706169645,0.8595636038384941,0.2974305293830355,0.6357533375478005,0.9231389375932741,0.715681253919378
391,1,1,3,0,0,9504,0.0,275.0,360.0,1.0,0,1,0.7800945854996683,1.2662176559781304,0.21990541450033174,0.6357533375478005,1.3297929897329104,0.7908063907999269
393,1,1,2,1,0,1993,1625.0,113.0,180.0,1.0,1,1,0.7430057266238076,1.061649950058472,0.2569942733761924,-1.5849431579974214,0.9031556342587298,0.7115975545024212
394,1,1,2,0,0,3100,1400.0,113.0,360.0,1.0,2,1,0.7430057266238076,1.061649950058472,0.2569942733761924,-1.5849431579974214,0.9031556342587298,0.7115975545024212
396,0,0,0,0,0,3180,0.0,71.0,360.0,0.0,2,0,0.2636011938096454,-1.027334496728439,-0.2636011938096454,-0.8439522076231205,-1.111729717490751,0.24754855640590148
397,1,1,0,0,0,3033,1459.0,95.0,360.0,1.0,2,1,0.7430057266238076,1.061649950058472,0.2569942733761924,-1.5849431579974214,0.9031556342587298,0.7115975545024212
398,1,0,0,1,0,3902,1666.0,109.0,360.0,1.0,0,1,0.6581353921082581,0.6549958979188354,0.3418646078917419,-1.5849431579974214,0.49650158211909323,0.6216368384845538
399,0,0,0,0,0,1500,1800.0,103.0,360.0,0.0,1,0,0.2636011938096454,-1.027334496728439,-0.2636011938096454,-0.8439522076231205,-1.111729717490751,0.24754855640590148
400,1,1,2,1,0,2889,0.0,45.0,180.0,0.0,2,0,0.2636011938096454,-1.027334496728439,-0.2636011938096454,-0.8439522076231205,-1.111729717490751,0.24754855640590148
401,1,0,0,1,0,2755,0.0,65.0,300.0,1.0,0,0,0.7139550857101393,0.9146712137316626,-0.7139550857101393,0.3103056330390686,0.9457017770355695,0.7202499496804979
402,1,0,0,0,0,2500,20000.0,103.0,360.0,1.0,1,1,0.6581353921082581,0.6549958979188354,0.3418646078917419,-1.5849431579974214,0.49650158211909323,0.6216368384845538
403,0,0,0,1,0,1963,0.0,53.0,360.0,1.0,1,1,0.7139550857101393,0.9146712137316626,0.2860449142898607,0.3103056330390686,0.9457017770355695,0.7202499496804979
404,0,0,0,0,1,7441,0.0,194.0,360.0,1.0,0,0,0.7025694706169645,0.8595636038384941,-0.7025694706169645,0.6357533375478005,0.9231389375932741,0.715681253919378
405,0,0,0,0,0,4547,0.0,115.0,360.0,1.0,1,1,0.7139550857101393,0.9146712137316626,0.2860449142898607,0.3659825947660783,0.9512694732082705,0.7213704076627278
406,1,1,0,1,0,2167,2400.0,115.0,360.0,1.0,2,1,0.7430057266238076,1.061649950058472,0.2569942733761924,-1.5849431579974214,0.9031556342587298,0.7115975545024212
407,0,0,0,1,0,2213,0.0,66.0,360.0,1.0,0,1,0.7139550857101393,0.9146712137316626,0.2860449142898607,0.3103056330390686,0.9457017770355695,0.7202499496804979
408,1,1,1,0,0,8300,0.0,152.0,300.0,0.0,1,0,0.2636011938096454,-1.027334496728439,-0.2636011938096454,-0.8439522076231205,-1.111729717490751,0.24754855640590148
409,1,1,3,0,0,81000,0.0,360.0,360.0,0.0,0,0,0.2636011938096454,-1.027334496728439,-0.2636011938096454,-0.8439522076231205,-1.111729717490751,0.24754855640590148
410,0,0,1,1,1,3867,0.0,62.0,360.0,1.0,1,0,0.7139550857101393,0.9146712137316626,-0.7139550857101393,0.3103056330390686,0.9457017770355695,0.7202499496804979
412,1,1,0,1,0,6096,0.0,218.0,360.0,0.0,0,0,0.2636011938096454,-1.027334496728439,-0.2636011938096454,-0.8439522076231205,-1.111729717490751,0.24754855640590148
413,1,1,0,1,0,2253,2033.0,110.0,360.0,1.0,0,1,0.7430057266238076,1.061649950058472,0.2569942733761924,-1.5849431579974214,0.9031556342587298,0.7115975545024212
414,0,1,0,1,0,2149,3237.0,178.0,360.0,0.0,1,0,0.2636011938096454,-1.027334496728439,-0.2636011938096454,-0.8439522076231205,-1.111729717490751,0.24754855640590148
415,0,0,0,0,0,2995,0.0,60.0,360.0,1.0,2,1,0.7139550857101393,0.9146712137316626,0.2860449142898607,0.3103056330390686,0.9457017770355695,0.7202499496804979
416,0,0,1,0,0,2600,0.0,160.0,360.0,1.0,2,0,0.7025694706169645,0.8595636038384941,-0.7025694706169645,0.3103056330390686,0.8905941671424009,0.7090127725863611
417,1,1,2,0,1,1600,20000.0,239.0,360.0,1.0,2,0,0.769316076489186,1.2044534307423327,-0.769316076489186,0.0020519154184783454,1.2046586222841804,0.7693524895839756
418,1,1,0,0,0,1025,2773.0,112.0,360.0,1.0,0,1,0.7865673513042185,1.304357032922855,0.2134326486957815,0.01911517368982732,1.3062685502918379,0.7868880794357624
419,1,1,0,0,0,3246,1417.0,138.0,360.0,1.0,1,1,0.7430057266238076,1.061649950058472,0.2569942733761924,-1.5849431579974214,0.9031556342587298,0.7115975545024212
420,1,1,0,0,0,5829,0.0,138.0,360.0,1.0,0,1,0.7894021117266881,1.3213252658712988,0.21059788827331194,0.6357533375478005,1.3849005996260788,0.7997769049147031
422,1,1,0,0,0,1820,1719.0,100.0,360.0,1.0,2,1,0.7430057266238076,1.061649950058472,0.2569942733761924,-1.5849431579974214,0.9031556342587298,0.7115975545024212
424,1,1,0,0,0,14880,0.0,96.0,360.0,1.0,1,1,0.7894021117266881,1.3213252658712988,0.21059788827331194,0.6357533375478005,1.3849005996260788,0.7997769049147031
425,1,1,0,0,0,2666,4300.0,121.0,360.0,1.0,0,1,0.7430057266238076,1.061649950058472,0.2569942733761924,-1.5849431579974214,0.9031556342587298,0.7115975545024212
426,0,0,1,1,0,4606,0.0,81.0,360.0,1.0,0,0,0.7139550857101393,0.9146712137316626,-0.7139550857101393,0.3659825947660783,0.9512694732082705,0.7213704076627278
427,1,1,2,0,0,5935,0.0,133.0,360.0,1.0,1,1,0.7894021117266881,1.3213252658712988,0.21059788827331194,0.6357533375478005,1.3849005996260788,0.7997769049147031
428,1,1,0,0,0,2920,16.12000084,87.0,360.0,1.0,0,1,0.7894021117266881,1.3213252658712988,0.21059788827331194,0.3103056330390686,1.3523558291752058,0.7945145105677534
429,1,0,0,1,0,2717,0.0,60.0,180.0,1.0,2,1,0.7139550857101393,0.9146712137316626,0.2860449142898607,0.3103056330390686,0.9457017770355695,0.7202499496804979
430,0,0,1,0,1,8624,0.0,150.0,360.0,1.0,1,1,0.7139550857101393,0.9146712137316626,0.2860449142898607,0.6357533375478005,0.9782465474864427,0.7267601545181426
431,1,0,0,0,0,6500,0.0,105.0,360.0,0.0,0,0,0.2636011938096454,-1.027334496728439,-0.2636011938096454,-0.8439522076231205,-1.111729717490751,0.24754855640590148
433,1,1,0,0,0,2425,2340.0,143.0,360.0,1.0,1,1,0.7430057266238076,1.061649950058472,0.2569942733761924,-1.5849431579974214,0.9031556342587298,0.7115975545024212
434,1,0,0,0,0,3750,0.0,100.0,360.0,1.0,2,1,0.7139550857101393,0.9146712137316626,0.2860449142898607,0.3103056330390686,0.9457017770355695,0.7202499496804979
436,1,0,0,0,0,1926,1851.0,50.0,360.0,1.0,1,1,0.6581353921082581,0.6549958979188354,0.3418646078917419,-1.5849431579974214,0.49650158211909323,0.6216368384845538
438,1,0,0,0,1,10416,0.0,187.0,360.0,0.0,2,0,0.2636011938096454,-1.027334496728439,-0.2636011938096454,-0.8439522076231205,-1.111729717490751,0.24754855640590148
439,0,1,0,1,1,7142,0.0,138.0,360.0,1.0,0,1,0.7894021117266881,1.3213252658712988,0.21059788827331194,0.6357533375478005,1.3849005996260788,0.7997769049147031
440,1,0,0,0,0,3660,5064.0,187.0,360.0,1.0,1,1,0.6545258756271753,0.6389933723959716,0.34547412437282465,-1.5849431579974214,0.4804990565962295,0.617865712790236
441,1,1,0,0,0,7901,1833.0,180.0,360.0,1.0,0,1,0.7399382097017709,1.0456474245356082,0.26006179029822907,0.6357533375478005,1.1092227582903882,0.751984181165449
442,1,0,3,1,0,4707,1993.0,148.0,360.0,1.0,1,1,0.6581353921082581,0.6549958979188354,0.3418646078917419,0.6357533375478005,0.7185712316736155,0.6722923149845785
443,1,0,1,0,0,37719,0.0,152.0,360.0,1.0,1,1,0.7139550857101393,0.9146712137316626,0.2860449142898607,0.6357533375478005,0.9782465474864427,0.7267601545181426
445,1,1,1,0,1,3466,1210.0,130.0,360.0,1.0,0,1,0.7430057266238076,1.061649950058472,0.2569942733761924,-1.5849431579974214,0.9031556342587298,0.7115975545024212
446,1,1,2,1,0,4652,0.0,110.0,360.0,1.0,0,1,0.7894021117266881,1.3213252658712988,0.21059788827331194,0.3659825947660783,1.3579235253479067,0.795422008912774
448,1,1,2,0,0,3340,1710.0,150.0,360.0,0.0,0,0,0.2636011938096454,-1.027334496728439,-0.2636011938096454,-0.8439522076231205,-1.111729717490751,0.24754855640590148
450,1,1,2,1,0,2309,1255.0,125.0,360.0,0.0,0,0,0.2636011938096454,-1.027334496728439,-0.2636011938096454,-0.8439522076231205,-1.111729717490751,0.24754855640590148
452,1,1,0,0,0,3948,1733.0,149.0,360.0,0.0,0,0,0.2636011938096454,-1.027334496728439,-0.2636011938096454,-0.8439522076231205,-1.111729717490751,0.24754855640590148
453,1,1,0,0,0,2483,2466.0,90.0,180.0,0.0,0,1,0.2636011938096454,-1.027334496728439,0.7363988061903546,-0.8439522076231205,-1.111729717490751,0.24754855640590148
454,1,0,0,0,1,7085,0.0,84.0,360.0,1.0,1,1,0.7139550857101393,0.9146712137316626,0.2860449142898607,0.6357533375478005,0.9782465474864427,0.7267601545181426
455,1,1,2,0,0,3859,0.0,96.0,360.0,1.0,1,1,0.7894021117266881,1.3213252658712988,0.21059788827331194,0.3103056330390686,1.3523558291752058,0.7945145105677534
456,1,1,0,0,0,4301,0.0,118.0,360.0,1.0,2,1,0.7894021117266881,1.3213252658712988,0.21059788827331194,0.3659825947660783,1.3579235253479067,0.795422008912774
457,1,1,0,0,0,3708,2569.0,173.0,360.0,1.0,2,0,0.7399382097017709,1.0456474245356082,-0.7399382097017709,-1.5849431579974214,0.8871531087358661,0.7083023249583722
458,1,0,2,0,0,4354,0.0,136.0,360.0,1.0,0,1,0.7139550857101393,0.9146712137316626,0.2860449142898607,0.3659825947660783,0.9512694732082705,0.7213704076627278
459,1,1,0,0,0,8334,0.0,160.0,360.0,1.0,1,0,0.7800945854996683,1.2662176559781304,-0.7800945854996683,0.6357533375478005,1.3297929897329104,0.7908063907999269
461,1,1,3,0,0,7740,0.0,128.0,180.0,1.0,2,1,0.7894021117266881,1.3213252658712988,0.21059788827331194,0.6357533375478005,1.3849005996260788,0.7997769049147031
462,1,1,0,0,0,3015,2188.0,153.0,360.0,1.0,0,1,0.7430057266238076,1.061649950058472,0.2569942733761924,-1.5849431579974214,0.9031556342587298,0.7115975545024212
464,1,0,0,0,0,4166,0.0,98.0,360.0,0.0,1,0,0.2636011938096454,-1.027334496728439,-0.2636011938096454,-0.8439522076231205,-1.111729717490751,0.24754855640590148
465,1,0,0,0,0,6000,0.0,140.0,360.0,1.0,0,1,0.7139550857101393,0.9146712137316626,0.2860449142898607,0.6357533375478005,0.9782465474864427,0.7267601545181426
466,1,1,3,1,0,2947,1664.0,70.0,180.0,0.0,2,0,0.2636011938096454,-1.027334496728439,-0.2636011938096454,-0.8439522076231205,-1.111729717490751,0.24754855640590148
469,1,1,0,0,0,4333,2451.0,110.0,360.0,1.0,2,0,0.7430057266238076,1.061649950058472,-0.7430057266238076,0.3659825947660783,1.0982482095350798,0.7499317289492948
470,1,1,1,0,1,3450,2079.0,162.0,360.0,1.0,1,1,0.7464985000997506,1.0800238679537542,0.2535014999002494,-1.5849431579974214,0.921529552154012,0.7153536599586492
471,1,1,1,1,0,2653,1500.0,113.0,180.0,0.0,0,0,0.2636011938096454,-1.027334496728439,-0.2636011938096454,-0.8439522076231205,-1.111729717490751,0.24754855640590148
472,1,1,3,0,0,4691,0.0,100.0,360.0,1.0,1,1,0.7894021117266881,1.3213252658712988,0.21059788827331194,0.3659825947660783,1.3579235253479067,0.795422008912774
474,1,0,2,0,0,5532,4648.0,162.0,360.0,1.0,0,1,0.6622573061917765,0.6733698158141175,0.3377426938082235,0.6357533375478005,0.7369451495688976,0.6763274836923249
475,1,1,2,0,1,16525,1014.0,150.0,360.0,1.0,0,1,0.7430057266238076,1.061649950058472,0.2569942733761924,0.6357533375478005,1.125225283813252,0.7549566661131775
476,1,1,2,0,0,6700,1750.0,230.0,300.0,1.0,1,1,0.7399382097017709,1.0456474245356082,0.26006179029822907,0.6357533375478005,1.1092227582903882,0.751984181165449
478,1,1,1,0,1,16667,2250.0,86.0,360.0,1.0,1,1,0.7430057266238076,1.061649950058472,0.2569942733761924,0.6357533375478005,1.125225283813252,0.7549566661131775
480,0,0,0,1,0,4350,0.0,154.0,360.0,1.0,0,1,0.7139550857101393,0.9146712137316626,0.2860449142898607,0.3659825947660783,0.9512694732082705,0.7213704076627278
481,1,1,3,1,0,3095,0.0,113.0,360.0,1.0,0,1,0.7894021117266881,1.3213252658712988,0.21059788827331194,0.3103056330390686,1.3523558291752058,0.7945145105677534
482,1,1,0,0,0,2083,3150.0,128.0,360.0,1.0,1,1,0.7430057266238076,1.061649950058472,0.2569942733761924,-1.5849431579974214,0.9031556342587298,0.7115975545024212
483,1,1,0,0,0,10833,0.0,234.0,360.0,1.0,1,1,0.7800945854996683,1.2662176559781304,0.21990541450033174,0.6357533375478005,1.3297929897329104,0.7908063907999269
484,1,1,2,0,0,8333,0.0,246.0,360.0,1.0,1,1,0.7800945854996683,1.2662176559781304,0.21990541450033174,0.6357533375478005,1.3297929897329104,0.7908063907999269
485,1,1,1,1,0,1958,2436.0,131.0,360.0,1.0,0,1,0.7430057266238076,1.061649950058472,0.2569942733761924,-1.5849431579974214,0.9031556342587298,0.7115975545024212
486,1,0,2,0,0,3547,0.0,80.0,360.0,0.0,0,0,0.2636011938096454,-1.027334496728439,-0.2636011938096454,-0.8439522076231205,-1.111729717490751,0.24754855640590148
487,1,1,1,0,0,18333,0.0,500.0,360.0,1.0,2,0,0.6476037938360795,0.6085229517934365,-0.6476037938360795,0.6357533375478005,0.6720982855482166,0.661972841102599
488,1,1,2,0,1,4583,2083.0,160.0,360.0,1.0,1,1,0.7464985000997506,1.0800238679537542,0.2535014999002494,0.3659825947660783,1.116622127430362,0.753361618354333
489,1,0,0,0,0,2435,0.0,75.0,360.0,1.0,2,0,0.7139550857101393,0.9146712137316626,-0.7139550857101393,0.3103056330390686,0.9457017770355695,0.7202499496804979
492,1,0,0,1,0,3691,0.0,110.0,360.0,1.0,0,1,0.7139550857101393,0.9146712137316626,0.2860449142898607,0.3103056330390686,0.9457017770355695,0.7202499496804979
493,0,0,0,1,1,17263,0.0,225.0,360.0,1.0,1,1,0.7025694706169645,0.8595636038384941,0.2974305293830355,0.6357533375478005,0.9231389375932741,0.715681253919378
494,1,1,0,0,0,3597,2157.0,119.0,360.0,0.0,0,0,0.2636011938096454,-1.027334496728439,-0.2636011938096454,-0.8439522076231205,-1.111729717490751,0.24754855640590148
495,0,1,1,0,0,3326,913.0,105.0,84.0,1.0,1,1,0.7430057266238076,1.061649950058472,0.2569942733761924,-1.5849431579974214,0.9031556342587298,0.7115975545024212
496,1,1,0,1,0,2600,1700.0,107.0,360.0,1.0,0,1,0.7430057266238076,1.061649950058472,0.2569942733761924,-1.5849431579974214,0.9031556342587298,0.7115975545024212
498,1,1,1,0,1,2895,0.0,95.0,360.0,1.0,1,1,0.7894021117266881,1.3213252658712988,0.21059788827331194,0.3103056330390686,1.3523558291752058,0.7945145105677534
499,1,0,0,0,0,6283,4416.0,209.0,360.0,0.0,0,0,0.2636011938096454,-1.027334496728439,-0.2636011938096454,-0.8439522076231205,-1.111729717490751,0.24754855640590148
500,0,0,0,0,0,645,3683.0,113.0,480.0,1.0,0,1,0.6516611560134161,0.6263490318073602,0.3483388439865839,0.01911517368982732,0.628260549176343,0.6520949424535258
501,0,0,0,0,0,3159,0.0,100.0,360.0,1.0,1,1,0.7139550857101393,0.9146712137316626,0.2860449142898607,0.3103056330390686,0.9457017770355695,0.7202499496804979
502,1,1,2,0,0,4865,5624.0,208.0,360.0,1.0,1,1,0.7399382097017709,1.0456474245356082,0.26006179029822907,0.6357533375478005,1.1092227582903882,0.751984181165449
504,1,1,0,1,0,3814,1483.0,124.0,300.0,1.0,1,1,0.7430057266238076,1.061649950058472,0.2569942733761924,-1.5849431579974214,0.9031556342587298,0.7115975545024212
505,1,1,2,0,0,3510,4416.0,243.0,360.0,1.0,0,1,0.7399382097017709,1.0456474245356082,0.26006179029822907,-1.5849431579974214,0.8871531087358661,0.7083023249583722
508,1,1,0,0,1,2479,3013.0,188.0,360.0,1.0,2,1,0.7399382097017709,1.0456474245356082,0.26006179029822907,-1.5849431579974214,0.8871531087358661,0.7083023249583722
509,0,0,1,0,0,13262,0.0,40.0,360.0,1.0,2,1,0.7139550857101393,0.9146712137316626,0.2860449142898607,0.6357533375478005,0.9782465474864427,0.7267601545181426
510,1,0,0,1,0,3598,1287.0,100.0,360.0,1.0,0,0,0.6581353921082581,0.6549958979188354,-0.6581353921082581,-1.5849431579974214,0.49650158211909323,0.6216368384845538
511,1,1,1,0,0,6065,2004.0,250.0,360.0,1.0,1,1,0.7399382097017709,1.0456474245356082,0.26006179029822907,0.6357533375478005,1.1092227582903882,0.751984181165449
512,1,1,2,0,0,3283,2035.0,148.0,360.0,1.0,2,1,0.7430057266238076,1.061649950058472,0.2569942733761924,-1.5849431579974214,0.9031556342587298,0.7115975545024212
513,1,1,0,0,0,2130,6666.0,70.0,180.0,1.0,1,0,0.7430057266238076,1.061649950058472,-0.7430057266238076,-1.5849431579974214,0.9031556342587298,0.7115975545024212
514,1,0,0,0,0,5815,3666.0,311.0,360.0,1.0,0,0,0.7726799438596365,1.2235059552862892,-0.7726799438596365,0.6357533375478005,1.2870812890410692,0.7836527573635848
515,1,1,3,0,0,3466,3428.0,150.0,360.0,1.0,0,1,0.7430057266238076,1.061649950058472,0.2569942733761924,-1.5849431579974214,0.9031556342587298,0.7115975545024212
516,0,1,2,0,0,2031,1632.0,113.0,480.0,1.0,1,1,0.6659577693090615,0.6899588349057059,0.3340422306909385,-1.5849431579974214,0.5314645191059637,0.6298246229757983
518,1,0,0,0,0,4683,1915.0,185.0,360.0,1.0,1,0,0.6545258756271753,0.6389933723959716,-0.6545258756271753,0.3659825947660783,0.6755916318725794,0.6627540861955794
519,0,0,0,1,0,3400,0.0,95.0,360.0,1.0,0,0,0.7139550857101393,0.9146712137316626,-0.7139550857101393,0.3103056330390686,0.9457017770355695,0.7202499496804979
520,1,1,2,1,0,2192,1742.0,45.0,360.0,1.0,1,1,0.7430057266238076,1.061649950058472,0.2569942733761924,-1.5849431579974214,0.9031556342587298,0.7115975545024212
521,1,0,0,0,0,2500,0.0,55.0,360.0,1.0,1,1,0.7139550857101393,0.9146712137316626,0.2860449142898607,0.3103056330390686,0.9457017770355695,0.7202499496804979
522,1,1,3,0,1,5677,1424.0,100.0,360.0,1.0,0,1,0.7430057266238076,1.061649950058472,0.2569942733761924,0.6357533375478005,1.125225283813252,0.7549566661131775
523,1,1,2,0,1,7948,7166.0,480.0,360.0,1.0,0,1,0.7373901985353568,1.0324479079217186,0.2626098014646432,0.6357533375478005,1.0960232416764986,0.7495142395462568
525,1,1,2,0,1,17500,0.0,400.0,360.0,1.0,0,1,0.6048062211975116,0.42553188733069575,0.3951937788024884,0.6357533375478005,0.4891072210854758,0.6198960939055717
526,1,1,0,0,0,3775,0.0,110.0,360.0,1.0,1,1,0.7894021117266881,1.3213252658712988,0.21059788827331194,0.3103056330390686,1.3523558291752058,0.7945145105677534
527,1,1,1,1,0,5285,1430.0,161.0,360.0,0.0,1,1,0.2636011938096454,-1.027334496728439,0.7363988061903546,-0.8439522076231205,-1.111729717490751,0.24754855640590148
528,1,0,1,1,0,2679,1302.0,94.0,360.0,1.0,1,1,0.6581353921082581,0.6549958979188354,0.3418646078917419,-1.5849431579974214,0.49650158211909323,0.6216368384845538
529,1,0,0,1,0,6783,0.0,130.0,360.0,1.0,1,1,0.7139550857101393,0.9146712137316626,0.2860449142898607,0.6357533375478005,0.9782465474864427,0.7267601545181426
531,1,1,3,0,0,4281,0.0,100.0,360.0,1.0,2,1,0.7894021117266881,1.3213252658712988,0.21059788827331194,0.3659825947660783,1.3579235253479067,0.795422008912774
532,1,0,2,0,0,3588,0.0,110.0,360.0,0.0,0,0,0.2636011938096454,-1.027334496728439,-0.2636011938096454,-0.8439522076231205,-1.111729717490751,0.24754855640590148
534,0,0,0,1,1,18165,0.0,125.0,360.0,1.0,2,1,0.7139550857101393,0.9146712137316626,0.2860449142898607,0.6357533375478005,0.9782465474864427,0.7267601545181426
536,1,1,0,0,0,6133,3906.0,324.0,360.0,1.0,2,1,0.7712598974371929,1.2154389723844594,0.22874010256280708,0.6357533375478005,1.2790143061392394,0.7822819428079169
537,1,0,2,0,0,3617,0.0,107.0,360.0,1.0,1,1,0.7139550857101393,0.9146712137316626,0.2860449142898607,0.3103056330390686,0.9457017770355695,0.7202499496804979
538,1,1,0,1,0,2917,536.0,66.0,360.0,1.0,0,0,0.7894021117266881,1.3213252658712988,-0.7894021117266881,0.3103056330390686,1.3523558291752058,0.7945145105677534
539,1,1,3,0,0,6417,0.0,157.0,180.0,1.0,0,1,0.7894021117266881,1.3213252658712988,0.21059788827331194,0.6357533375478005,1.3849005996260788,0.7997769049147031
540,0,1,1,0,0,4608,2845.0,140.0,180.0,1.0,1,1,0.7430057266238076,1.061649950058472,0.2569942733761924,0.3659825947660783,1.0982482095350798,0.7499317289492948
541,0,0,0,0,0,2138,0.0,99.0,360.0,0.0,1,0,0.2636011938096454,-1.027334496728439,-0.2636011938096454,-0.8439522076231205,-1.111729717490751,0.24754855640590148
543,1,1,1,1,0,2239,2524.0,128.0,360.0,1.0,2,1,0.7430057266238076,1.061649950058472,0.2569942733761924,-1.5849431579974214,0.9031556342587298,0.7115975545024212
545,1,1,0,0,0,2768,1950.0,155.0,360.0,1.0,0,1,0.7430057266238076,1.061649950058472,0.2569942733761924,-1.5849431579974214,0.9031556342587298,0.7115975545024212
546,1,0,0,1,0,3358,0.0,80.0,36.0,1.0,1,0,0.6254496922464776,0.512744771553662,-0.6254496922464776,0.3103056330390686,0.5437753348575689,0.6326902189760287
547,1,0,0,0,0,2526,1783.0,145.0,360.0,1.0,0,1,0.6581353921082581,0.6549958979188354,0.3418646078917419,-1.5849431579974214,0.49650158211909323,0.6216368384845538
548,0,0,0,0,0,5000,0.0,103.0,360.0,0.0,1,0,0.2636011938096454,-1.027334496728439,-0.2636011938096454,-0.8439522076231205,-1.111729717490751,0.24754855640590148
549,1,1,0,0,0,2785,2016.0,110.0,360.0,1.0,0,1,0.7430057266238076,1.061649950058472,0.2569942733761924,-1.5849431579974214,0.9031556342587298,0.7115975545024212
552,1,1,1,0,0,3333,3250.0,158.0,360.0,1.0,2,1,0.7430057266238076,1.061649950058472,0.2569942733761924,-1.5849431579974214,0.9031556342587298,0.7115975545024212
553,1,1,0,1,0,2454,2333.0,181.0,360.0,0.0,2,0,0.2636011938096454,-1.027334496728439,-0.2636011938096454,-0.8439522076231205,-1.111729717490751,0.24754855640590148
554,1,1,0,0,0,3593,4266.0,132.0,180.0,0.0,0,0,0.2636011938096454,-1.027334496728439,-0.2636011938096454,-0.8439522076231205,-1.111729717490751,0.24754855640590148
555,1,1,1,0,0,5468,1032.0,26.0,360.0,1.0,1,1,0.7430057266238076,1.061649950058472,0.2569942733761924,0.6357533375478005,1.125225283813252,0.7549566661131775
557,1,1,3,0,1,10139,0.0,260.0,360.0,1.0,1,1,0.7800945854996683,1.2662176559781304,0.21990541450033174,0.6357533375478005,1.3297929897329104,0.7908063907999269
558,1,1,0,0,0,3887,2669.0,162.0,360.0,1.0,1,1,0.7464985000997506,1.0800238679537542,0.2535014999002494,-1.5849431579974214,0.921529552154012,0.7153536599586492
559,0,1,0,0,0,4180,2306.0,182.0,360.0,1.0,1,1,0.7399382097017709,1.0456474245356082,0.26006179029822907,-1.5849431579974214,0.8871531087358661,0.7083023249583722
560,1,1,2,1,0,3675,242.0,108.0,360.0,1.0,1,1,0.7894021117266881,1.3213252658712988,0.21059788827331194,0.3103056330390686,1.3523558291752058,0.7945145105677534
561,0,1,1,0,1,19484,0.0,600.0,360.0,1.0,1,1,0.6048062211975116,0.42553188733069575,0.3951937788024884,0.6357533375478005,0.4891072210854758,0.6198960939055717
562,1,1,0,0,0,5923,2054.0,211.0,360.0,1.0,0,1,0.7399382097017709,1.0456474245356082,0.26006179029822907,0.6357533375478005,1.1092227582903882,0.751984181165449
563,1,0,0,1,1,5800,0.0,132.0,360.0,1.0,1,1,0.7139550857101393,0.9146712137316626,0.2860449142898607,0.6357533375478005,0.9782465474864427,0.7267601545181426
564,1,1,2,0,0,8799,0.0,258.0,360.0,0.0,2,0,0.2636011938096454,-1.027334496728439,-0.2636011938096454,-0.8439522076231205,-1.111729717490751,0.24754855640590148
566,1,0,0,0,0,3333,0.0,70.0,360.0,1.0,2,1,0.7139550857101393,0.9146712137316626,0.2860449142898607,0.3103056330390686,0.9457017770355695,0.7202499496804979
567,1,1,3,0,0,3400,2500.0,123.0,360.0,0.0,0,0,0.2636011938096454,-1.027334496728439,-0.2636011938096454,-0.8439522076231205,-1.111729717490751,0.24754855640590148
568,0,0,0,0,0,2378,0.0,9.0,360.0,1.0,2,0,0.7139550857101393,0.9146712137316626,-0.7139550857101393,0.3103056330390686,0.9457017770355695,0.7202499496804979
569,1,1,0,0,0,3166,2064.0,104.0,360.0,0.0,2,0,0.2636011938096454,-1.027334496728439,-0.2636011938096454,-0.8439522076231205,-1.111729717490751,0.24754855640590148
570,1,1,1,0,0,3417,1750.0,186.0,360.0,1.0,2,1,0.7399382097017709,1.0456474245356082,0.26006179029822907,-1.5849431579974214,0.8871531087358661,0.7083023249583722
572,1,1,2,0,0,16666,0.0,275.0,360.0,1.0,2,1,0.7800945854996683,1.2662176559781304,0.21990541450033174,0.6357533375478005,1.3297929897329104,0.7908063907999269
573,1,1,2,1,0,6125,1625.0,187.0,480.0,1.0,1,0,0.6623884762273036,0.6739563093828423,-0.6623884762273036,0.6357533375478005,0.7375316431376224,0.6764558589096159
574,1,1,3,0,0,6406,0.0,150.0,360.0,1.0,1,0,0.7894021117266881,1.3213252658712988,-0.7894021117266881,0.6357533375478005,1.3849005996260788,0.7997769049147031
575,1,1,2,0,0,3159,461.0,108.0,84.0,1.0,2,1,0.7894021117266881,1.3213252658712988,0.21059788827331194,0.3103056330390686,1.3523558291752058,0.7945145105677534
577,1,0,0,0,0,3229,2739.0,110.0,360.0,1.0,2,1,0.6581353921082581,0.6549958979188354,0.3418646078917419,-1.5849431579974214,0.49650158211909323,0.6216368384845538
578,1,1,1,0,0,1782,2232.0,107.0,360.0,1.0,0,1,0.7430057266238076,1.061649950058472,0.2569942733761924,-1.5849431579974214,0.9031556342587298,0.7115975545024212
580,1,1,2,0,0,6540,0.0,205.0,360.0,1.0,1,1,0.7800945854996683,1.2662176559781304,0.21990541450033174,0.6357533375478005,1.3297929897329104,0.7908063907999269
581,1,0,0,0,0,1836,33837.0,90.0,360.0,1.0,2,0,0.6581353921082581,0.6549958979188354,-0.6581353921082581,-1.5849431579974214,0.49650158211909323,0.6216368384845538
582,0,1,0,0,0,3166,0.0,36.0,360.0,1.0,1,1,0.7894021117266881,1.3213252658712988,0.21059788827331194,0.3103056330390686,1.3523558291752058,0.7945145105677534
584,1,1,1,0,0,2787,1917.0,146.0,360.0,0.0,0,0,0.2636011938096454,-1.027334496728439,-0.2636011938096454,-0.8439522076231205,-1.111729717490751,0.24754855640590148
585,1,1,1,0,0,4283,3000.0,172.0,84.0,1.0,0,0,0.7399382097017709,1.0456474245356082,-0.7399382097017709,0.3659825947660783,1.082245684012216,0.7469187228963817
586,1,1,0,0,0,2297,1522.0,104.0,360.0,1.0,2,1,0.7430057266238076,1.061649950058472,0.2569942733761924,-1.5849431579974214,0.9031556342587298,0.7115975545024212
587,0,0,0,1,0,2165,0.0,70.0,360.0,1.0,1,1,0.7139550857101393,0.9146712137316626,0.2860449142898607,0.3103056330390686,0.9457017770355695,0.7202499496804979
589,1,1,2,0,1,2726,0.0,106.0,360.0,0.0,1,0,0.2636011938096454,-1.027334496728439,-0.2636011938096454,-0.8439522076231205,-1.111729717490751,0.24754855640590148
590,1,1,0,0,0,3000,3416.0,56.0,180.0,1.0,1,1,0.7430057266238076,1.061649950058472,0.2569942733761924,-1.5849431579974214,0.9031556342587298,0.7115975545024212
591,1,1,2,0,1,6000,0.0,205.0,240.0,1.0,1,0,0.7800945854996683,1.2662176559781304,-0.7800945854996683,0.6357533375478005,1.3297929897329104,0.7908063907999269
593,1,1,0,0,0,3859,3300.0,142.0,180.0,1.0,0,1,0.7430057266238076,1.061649950058472,0.2569942733761924,-1.5849431579974214,0.9031556342587298,0.7115975545024212
594,1,1,0,0,1,16120,0.0,260.0,360.0,1.0,2,1,0.7800945854996683,1.2662176559781304,0.21990541450033174,0.6357533375478005,1.3297929897329104,0.7908063907999269
595,1,0,0,1,0,3833,0.0,110.0,360.0,1.0,0,1,0.7139550857101393,0.9146712137316626,0.2860449142898607,0.3103056330390686,0.9457017770355695,0.7202499496804979
596,1,1,2,1,1,6383,1000.0,187.0,360.0,1.0,0,0,0.7399382097017709,1.0456474245356082,-0.7399382097017709,0.6357533375478005,1.1092227582903882,0.751984181165449
598,1,1,0,0,1,9963,0.0,180.0,360.0,1.0,0,1,0.7800945854996683,1.2662176559781304,0.21990541450033174,0.6357533375478005,1.3297929897329104,0.7908063907999269
599,1,1,2,0,0,5780,0.0,192.0,360.0,1.0,2,1,0.7800945854996683,1.2662176559781304,0.21990541450033174,0.6357533375478005,1.3297929897329104,0.7908063907999269
602,1,1,3,0,0,5703,0.0,128.0,360.0,1.0,2,1,0.7894021117266881,1.3213252658712988,0.21059788827331194,0.6357533375478005,1.3849005996260788,0.7997769049147031
603,1,0,0,0,0,3676,4301.0,172.0,360.0,1.0,0,1,0.6545258756271753,0.6389933723959716,0.34547412437282465,-1.5849431579974214,0.4804990565962295,0.617865712790236
604,0,1,1,0,0,12000,0.0,496.0,360.0,1.0,1,1,0.7414645906429118,1.0535947420808451,0.2585354093570882,0.6357533375478005,1.117170075835625,0.7534634173563224
606,1,1,1,0,0,3400,2500.0,173.0,360.0,1.0,1,1,0.7399382097017709,1.0456474245356082,0.26006179029822907,-1.5849431579974214,0.8871531087358661,0.7083023249583722
607,1,1,2,1,0,3987,1411.0,157.0,360.0,1.0,0,1,0.7430057266238076,1.061649950058472,0.2569942733761924,-1.5849431579974214,0.9031556342587298,0.7115975545024212
608,1,1,0,0,0,3232,1950.0,108.0,360.0,1.0,0,1,0.7430057266238076,1.061649950058472,0.2569942733761924,-1.5849431579974214,0.9031556342587298,0.7115975545024212
609,0,0,0,0,0,2900,0.0,71.0,360.0,1.0,0,1,0.7139550857101393,0.9146712137316626,0.2860449142898607,0.3103056330390686,0.9457017770355695,0.7202499496804979
610,1,1,3,0,0,4106,0.0,40.0,180.0,1.0,0,1,0.7894021117266881,1.3213252658712988,0.21059788827331194,0.3103056330390686,1.3523558291752058,0.7945145105677534
611,1,1,1,0,0,8072,240.0,253.0,360.0,1.0,2,1,0.7800945854996683,1.2662176559781304,0.21990541450033174,0.6357533375478005,1.3297929897329104,0.7908063907999269
612,1,1,2,0,0,7583,0.0,187.0,360.0,1.0,2,1,0.7800945854996683,1.2662176559781304,0.21990541450033174,0.6357533375478005,1.3297929897329104,0.7908063907999269
613,0,0,0,0,1,4583,0.0,133.0,360.0,0.0,1,0,0.2636011938096454,-1.027334496728439,-0.2636011938096454,-0.8439522076231205,-1.111729717490751,0.24754855640590148
